"Position","Mutation Type","Sequence Change","Gene","Function","Product","GO Process","GO Component","Protein change","TOL coumarate A0 F0 I1 R1","TOL coumarate A1 F50 I1 R1","TOL coumarate A2 F50 I1 R1","TOL coumarate A2 F50 I2 R1","TOL coumarate A2 F50 I3 R1","TOL coumarate A3 F50 I1 R1","TOL coumarate A3 F50 I2 R1","TOL coumarate A3 F50 I3 R1","TOL coumarate A4 F50 I1 R1","TOL coumarate A4 F50 I2 R1","TOL coumarate A4 F50 I3 R1","TOL coumarate A5 F50 I1 R1","TOL coumarate A5 F50 I2 R1","TOL coumarate A5 F50 I3 R1","TOL coumarate A6 F50 I1 R1","TOL coumarate A6 F50 I2 R1","TOL coumarate A6 F50 I3 R1","TOL coumarate A7 F50 I1 R1","TOL coumarate A7 F50 I2 R1","TOL coumarate A8 F50 I1 R1","TOL coumarate A8 F50 I2 R1"
"0","DUP","575 bp x2.0","thrL,  [thrA]","","","","","Duplication","","","","","","","","","","","","","","","","","1.00","","","",""
"2,374","SNP","G→T","thrA","","","","","A680S (GCG→TCG)","","","","","","","","","","","","","","","","","","","","1.00",""
"4,261","DUP","2,144 bp x1.9","[thrC],  yaaX,  [yaaA]","","","","","Duplication","","","","","","","","","","","","","","","","","1.00","","","",""
"7,819","DUP","7,180 bp x1.9","[yaaJ],  talB,  mog,  satP,  yaaW,  yaaI,  dnaK,  [dnaJ]","","","","","Duplication","","","","","","","","","","","","","","","","","1.00","","","",""
"16,964","DUP","5,102 bp x2.1","nhaA,  nhaR,  insB1,  insA,  rpsT,  yaaY,  [ribF]","","","","","Duplication","","","","","","","","","","","","","","","","","1.00","","","",""
"19,520","DUP","1,032 bp x2.7","[nhaR],  insB1,  insA","","","","","Duplication","","","","","","","","","","","","","","","","1.00","","","","",""
"19,809","DUP","729 bp x2.9","insB1,  insA","","","","","Duplication","","","1.00","","","","","","","","","","","","","","","","","",""
"27,107","DUP","2,626 bp x1.9","[ispH],  rihC,  dapB,  [carA]","","","","","Duplication","","","","","","","","","","","","","","","","","1.00","","","",""
"31,546","DUP","12,593 bp x1.9","[carB],  caiF,  caiE,  caiD,  caiC,  caiB,  caiA,  caiT,  fixA,  fixB","","","","","Duplication","","","","","","","","","","","","","","","","","1.00","","","",""
"46,951","DUP","4,223 bp x1.8","[yaaU],  kefF,  kefC,  folA,  [apaH]","","","","","Duplication","","","","","","","","","","","","","","","","","1.00","","","",""
"53,132","DUP","7,937 bp x1.8","[pdxA],  surA,  lptD,  djlA,  yabP,  rluA,  [rapA]","","","","","Duplication","","","","","","","","","","","","","","","","","1.00","","","",""
"62,648","DUP","3,516 bp x1.9","[rapA],  polB,  [araD]","","","","","Duplication","","","","","","","","","","","","","","","","","1.00","","","",""
"64,352","SNP","G→C","polB","","","","","R477G (CGC→GGC)","","1.00","","","","","","","","","","","","","","","","","","",""
"77,050","DUP","1,633 bp x1.9","[sgrR],  sgrT,  [setA]","","","","","Duplication","","","","","","","","","","","","","","","","","1.00","","","",""
"83,574","DUP","2,659 bp x2.0","leuL,  leuO,  [ilvI]","","","","","Duplication","","","","","","","","","","","","","","","","","1.00","","","",""
"88,497","DUP","4,583 bp x1.9","[cra],  mraZ,  rsmH,  ftsL,  [ftsI]","","","","","Duplication","","","","","","","","","","","","","","","","","1.00","","","",""
"94,620","DUP","2,423 bp x1.9","[murE],  murF,  [mraY]","","","","","Duplication","","","","","","","","","","","","","","","","","1.00","","","",""
"102,207","DUP","1,693 bp x2.0","[murC],  ddlB,  [ftsQ]","","","","","Duplication","","","","","","","","","","","","","","","","","1.00","","","",""
"102,228","DEL","Δ1 bp","murC","","","","","coding (1464/1476 nt)","","","1.00","1.00","1.00","","","","","","","","","","","","","","","",""
"105,064","DUP","4,101 bp x1.9","[ftsA],  ftsZ,  lpxC,  secM,  [secA]","","","","","Duplication","","","","","","","","","","","","","","","","","1.00","","","",""
"110,453","DUP","4,248 bp x1.8","[secA],  mutT,  yacG,  zapD,  coaE,  guaC,  [hofC]","","","","","Duplication","","","","","","","","","","","","","","","","","1.00","","","",""
"116,290","DUP","2,937 bp x1.8","[hofB],  ppdD,  nadC,  [ampD]","","","","","Duplication","","","","","","","","","","","","","","","","","1.00","","","",""
"120,499","DUP","2,925 bp x1.9","[aroP],  pdhR,  [aceE]","","","","","Duplication","","","","","","","","","","","","","","","","","1.00","","","",""
"129,193","DUP","3,032 bp x2.0","[lpd],  yacH,  [acnB]","","","","","Duplication","","","","","","","","","","","","","","","","","1.00","","","",""
"135,377","DUP","2,016 bp x1.9","[speD],  speE,  yacC,  [cueO]","","","","","Duplication","","","","","","","","","","","","","","","","","1.00","","","",""
"140,189","DUP","17,471 bp x1.9","[gcd],  hpt,  can,  yadG,  yadH,  yadI,  yadE,  panD,  yadD,  panC,  panB,  yadC,  yadK,  yadL,  yadM,  htrE,  yadV,  yadN,  [folK]","","","","","Duplication","","","","","","","","","","","","","","","","","1.00","","","",""
"159,797","DUP","12,875 bp x1.9","[gluQ],  dksA,  sfsA,  ligT,  hrpB,  mrcB,  fhuA,  fhuC,  fhuD,  [fhuB]","","","","","Duplication","","","","","","","","","","","","","","","","","1.00","","","",""
"177,658","DUP","1,669 bp x1.8","btuF,  mtn,  [dgt]","","","","","Duplication","","","","","","","","","","","","","","","","","1.00","","","",""
"180,893","DUP","3,408 bp x1.8","[degP],  cdaR,  yaeH,  [yaeI]","","","","","Duplication","","","","","","","","","","","","","","","","","1.00","","","",""
"189,468","DUP","9,192 bp x1.9","[map],  rpsB,  tsf,  pyrH,  frr,  dxr,  ispU,  cdsA,  rseP,  [bamA]","","","","","Duplication","","","","","","","","","","","","","","","","","1.00","","","",""
"199,573","DUP","2,060 bp x1.9","[bamA],  skp,  [lpxD]","","","","","Duplication","","","","","","","","","","","","","","","","","1.00","","","",""
"203,135","DUP","3,088 bp x1.9","[lpxA],  lpxB,  rnhB,  [dnaE]","","","","","Duplication","","","","","","","","","","","","","","","","","1.00","","","",""
"208,131","DUP","3,710 bp x1.8","[dnaE],  accA,  ldcC","","","","","Duplication","","","","","","","","","","","","","","","","","1.00","","","",""
"212,751","DUP","1,205 bp x1.9","[tilS],  rof,  [yaeP]","","","","","Duplication","","","","","","","","","","","","","","","","","1.00","","","",""
"215,329","DUP","7,143 bp x1.9","[nlpE],  yaeF,  proS,  tsaA,  rcsF,  metQ,  metI,  [metN]","","","","","Duplication","","","","","","","","","","","","","","","","","1.00","","","",""
"230,568","DUP","11,047 bp x1.9","[yafC],  yafD,  yafE,  mltD,  gloB,  yafS,  rnhA,  dnaQ,  yafT,  ykfM,  yafU,  yafF,  yafV,  ivy,  [fadE]","","","","","Duplication","","","","","","","","","","","","","","","","","1.00","","","",""
"243,065","DUP","7,537 bp x1.9","[fadE],  gmhA,  yafJ,  yafK,  yafQ,  dinJ,  yafL,  rayT,  lfhA,  [lafU]","","","","","Duplication","","","","","","","","","","","","","","","","","1.00","","","",""
"251,719","DUP","2,620 bp x1.9","[dinB],  yafN,  yafO,  yafP,  ykfJ,  prfH,  [pepD]","","","","","Duplication","","","","","","","","","","","","","","","","","1.00","","","",""
"255,468","DUP","6,274 bp x2.0","[pepD],  gpt,  frsA,  crl,  phoE,  proB,  [proA]","","","","","Duplication","","","","","","","","","","","","","","","","","1.00","","","",""
"260,217","DEL","Δ13,738 bp","21 genesproB>21 genesproB,  proA,  thrW,  ykfN,  ykfI,  yafW,  ykfH,  ykfG,  yafX,  ykfF,  ykfB,  yafY,  ykfL,  ykfK,  yafZ,  ykfA,  perR,  insN,  insI1,  insN, > [ykfC]","","","","","IS5‑mediated","","","","","","1.00","","","","","","","","","","","","","","",""
"266,456","DUP","329 bp x1.9","[yafY],  ykfL,  [ykfK]","","","","","Duplication","","","","","","","","","","","","","","","","","1.00","","","",""
"663,746","SNP","C→T","dacA","","","","","S73N (AGC→AAC)","","","","","","1.00","1.00","1.00","","","","","","","","","","","","",""
"667,158","SNP","C→T","mrdA","","","","","D354N (GAC→AAC)","","","","","","","","","","","","1.00","1.00","1.00","","","","","","",""
"954,638","SNP","C→T","focA,  ycaO","","","","","intergenic (‑172/+234)","","","","","","","","","","","","","","1.00","","","","","","",""
"1,168,483","SNP","C→T","ycfQ","","","","","C117Y (TGC→TAC)","","1.00","","","","","","","","","","","","","","","","","","",""
"1,293,196","MOB","IS5 (+) +4 bp","hns,  tdk","","","","","intergenic (‑274/‑328)","","","","","","1.00","1.00","1.00","","","","","","","","","","","","",""
"1,299,499","DEL","Δ1,199 bp","ychE,  oppA","","","","","intergenic (+254/‑485)","","1.00","","1.00","","","","","","","","","","","","","1.00","1.00","","","1.00"
"1,347,892","MOB","IS5 (–) +4 bp","rnb","","","","","coding (1018‑1021/1935 nt)","","","","","","","","","","","","","","","1.00","1.00","1.00","","","",""
"1,352,163","SNP","G→A","sapF","","","","","R158C (CGT→TGT)","","","1.00","1.00","1.00","","","","","","","1.00","1.00","1.00","","","","","","",""
"1,354,284","SNP","C→A","sapC","","","","","G79W (GGG→TGG)","","1.00","","","","","","","","","","","","","","","","","","",""
"1,436,746","SNP","T→C","ompN","","","","","K50E (AAA→GAA)","","","","","","","","","","1.00","","","","","","","","","","",""
"1,768,309","SNP","A→T","ydiJ","","","","","V126E (GTG→GAG)","","","","","","","","","","","","","","1.00","","","","","","",""
"1,856,052","MOB","IS5 (+) +4 bp","ydjH","","","","","coding (874‑877/948 nt)","","","","","","","","","","","","","","","","","","1.00","","",""
"1,903,497","SNP","T→C","manY","","","","","I139T (ATC→ACC)","","","","","","1.00","1.00","1.00","","","","","","","1.00","1.00","1.00","1.00","1.00","1.00","1.00"
"1,908,812","MOB","IS5 (–) +4 bp","mgrB,  yobH","","","","","intergenic (‑46/‑110)","","","","","","","","","","","","","","","","","","","1.00","",""
"1,961,829","MOB","IS5 (–) +4 bp","argS,  yecT","","","","","intergenic (+34/‑140)","","","","1.00","","","","","","","","","","","","","","","","",""
"2,141,832","SNP","A→T","dcd","","","","","D128E (GAT→GAA)","","","","","","","","","1.00","1.00","1.00","","","","","","","","","",""
"2,153,522","DUP","495 bp x1.7","ibsB,  [mdtA]","","","","","Duplication","","","1.00","","","","","","","","","","","","","","","","","",""
"2,203,757","DUP","661 bp x1.7","[yehI],  yehK","","","","","Duplication","","","1.00","","","","","","","","","","","","","","","","","",""
"2,230,567","DUP","641 bp x1.7","yohJ,  [yohK]","","","","","Duplication","","","1.00","","","","","","","","","","","","","","","","","",""
"2,248,846","DUP","2,310 bp x1.6","[yeiE],  yeiH,  [nfo]","","","","","Duplication","","","1.00","","","","","","","","","","","","","","","","","",""
"2,277,221","DUP","1,144 bp x1.6","[yejF],  yejG","","","","","Duplication","","","1.00","","","","","","","","","","","","","","","","","",""
"2,283,904","DUP","3,650 bp x1.6","[yejK],  yejL,  yejM,  [yejO]","","","","","Duplication","","","1.00","","","","","","","","","","","","","","","","","",""
"2,297,586","MOB","IS5 (+) +4 bp","ccmA","","","","","coding (56‑59/624 nt)","","","","1.00","","","","","","","","","","","","","","","","",""
"2,302,677","DUP","506 bp x1.7","[napA],  napD,  [napF]","","","","","Duplication","","","1.00","","","","","","","","","","","","","","","","","",""
"2,315,725","DUP","3,010 bp x1.6","[rcsD],  rcsB,  [rcsC]","","","","","Duplication","","","1.00","","","","","","","","","","","","","","","","","",""
"2,349,564","DUP","2,134 bp x1.7","yfaH,  glpQ,  [glpT]","","","","","Duplication","","","1.00","","","","","","","","","","","","","","","","","",""
"2,364,669","DUP","1,268 bp x1.6","[nudI],  ais,  [arnB]","","","","","Duplication","","","1.00","","","","","","","","","","","","","","","","","",""
"2,380,840","DUP","4,088 bp x1.6","[elaB],  elaA,  rbn,  elaD,  [yfbK]","","","","","Duplication","","","1.00","","","","","","","","","","","","","","","","","",""
"2,388,349","DUP","1,482 bp x1.7","[yfbN],  yfbO,  [yfbP]","","","","","Duplication","","","1.00","","","","","","","","","","","","","","","","","",""
"2,412,283","DUP","1,358 bp x1.7","[yfbU],  yfbV,  [ackA]","","","","","Duplication","","","1.00","","","","","","","","","","","","","","","","","",""
"2,423,083","DUP","5,019 bp x1.6","[yfcI],  hisP,  hisM,  hisQ,  hisJ,  argT,  [ubiX]","","","","","Duplication","","","1.00","","","","","","","","","","","","","","","","","",""
"2,449,738","DUP","1,755 bp x1.6","[yfcO],  yfcP,  yfcQ,  [yfcR]","","","","","Duplication","","","1.00","","","","","","","","","","","","","","","","","",""
"2,455,198","DUP","1,948 bp x1.7","[yfcV],  sixA,  [fadJ]","","","","","Duplication","","","1.00","","","","","","","","","","","","","","","","","",""
"2,468,962","DUP","2,419 bp x1.7","[gtrB],  gtrS,  tfaS,  [yfdK]","","","","","Duplication","","","1.00","","","","","","","","","","","","","","","","","",""
"2,482,796","DUP","1,718 bp x1.7","[emrK],  evgA,  [evgS]","","","","","Duplication","","","1.00","","","","","","","","","","","","","","","","","",""
"2,511,325","DUP","1,646 bp x1.5","[ypeC],  mntH","","","","","Duplication","","","1.00","","","","","","","","","","","","","","","","","",""
"2,517,129","DUP","1,717 bp x1.6","[yfeA],  yfeC,  [yfeD]","","","","","Duplication","","","1.00","","","","","","","","","","","","","","","","","",""
"2,522,064","DUP","2,238 bp x1.7","[xapR],  xapB,  [xapA]","","","","","Duplication","","","1.00","","","","","","","","","","","","","","","","","",""
"2,526,701","DUP","3,679 bp x1.7","[yfeR],  yfeH,  ypeB,  ligA,  [zipA]","","","","","Duplication","","","1.00","","","","","","","","","","","","","","","","","",""
"2,531,397","DUP","3,184 bp x1.7","cysZ,  cysK,  ptsH,  [ptsI]","","","","","Duplication","","","1.00","","","","","","","","","","","","","","","","","",""
"2,536,626","DUP","1,568 bp x1.7","[pdxK],  yfeK,  [yfeS]","","","","","Duplication","","","1.00","","","","","","","","","","","","","","","","","",""
"2,543,740","DUP","1,467 bp x1.6","ucpA,  [murR]","","","","","Duplication","","","1.00","","","","","","","","","","","","","","","","","",""
"2,546,395","DUP","4,100 bp x1.6","[murQ],  murP,  yfeW,  [yfeX]","","","","","Duplication","","","1.00","","","","","","","","","","","","","","","","","",""
"2,551,832","DUP","4,375 bp x1.7","[ypeA],  amiA,  hemF,  eutR,  eutK,  [eutL]","","","","","Duplication","","","1.00","","","","","","","","","","","","","","","","","",""
"2,558,674","DUP","1,785 bp x1.6","[eutB],  intZ,  [yffL]","","","","","Duplication","","","1.00","","","","","","","","","","","","","","","","","",""
"2,561,394","DUP","4,675 bp x1.7","[yffM],  yffN,  yffO,  yffP,  yffQ,  yffR,  yffS,  [eutA]","","","","","Duplication","","","1.00","","","","","","","","","","","","","","","","","",""
"2,580,826","DUP","2,602 bp x1.6","[tktB],  ypfG,  [nudK]","","","","","Duplication","","","1.00","","","","","","","","","","","","","","","","","",""
"2,598,979","DUP","2,717 bp x1.7","[dapA],  gcvR,  bcp,  [hyfA]","","","","","Duplication","","","1.00","","","","","","","","","","","","","","","","","",""
"2,603,627","DUP","1,553 bp x1.6","[hyfB],  hyfC,  [hyfD]","","","","","Duplication","","","1.00","","","","","","","","","","","","","","","","","",""
"2,615,290","DUP","3,271 bp x1.6","[yfgO],  bepA,  yfgD,  [hda]","","","","","Duplication","","","1.00","","","","","","","","","","","","","","","","","",""
"2,619,810","DUP","2,231 bp x1.7","[uraA],  upp,  [purM]","","","","","Duplication","","","1.00","","","","","","","","","","","","","","","","","",""
"2,623,513","DUP","3,200 bp x1.6","[ppk],  ppx,  [yfgF]","","","","","Duplication","","","1.00","","","","","","","","","","","","","","","","","",""
"2,629,215","DUP","3,295 bp x1.8","yfgG,  yfgH,  yfgI,  [guaA]","","","","","Duplication","","","1.00","","","","","","","","","","","","","","","","","",""
"2,658,050","DUP","2,352 bp x1.7","[hscA],  hscB,  iscA,  iscU,  [iscS]","","","","","Duplication","","","1.00","","","","","","","","","","","","","","","","","",""
"2,678,755","MOB","IS5 (+) +4 bp","yphF","","","","","coding (610‑613/984 nt)","","","","","","","","","","","","1.00","","","","","","","","",""
"2,683,036","DUP","2,662 bp x1.7","[yphH],  glyA","","","","","Duplication","","","1.00","","","","","","","","","","","","","","","","","",""
"2,687,027","DUP","2,644 bp x1.7","glnB,  glrR,  yfhG,  [glrK]","","","","","Duplication","","","1.00","","","","","","","","","","","","","","","","","",""
"2,702,536","DUP","1,664 bp x1.7","[era],  rnc","","","","","Duplication","","","1.00","","","","","","","","","","","","","","","","","",""
"2,706,923","DUP","6,375 bp x1.7","[lepA],  rseC,  rseB,  rseA,  rpoE,  nadB,  trmN,  [srmB]","","","","","Duplication","","","1.00","","","","","","","","","","","","","","","","","",""
"2,732,699","DUP","6,691 bp x1.6","[clpB],  yfiH,  rluD,  bamD,  raiA,  pheL,  pheA,  [tyrA]","","","","","Duplication","","","1.00","","","","","","","","","","","","","","","","","",""
"2,743,181","SNP","A→G","yfiN","","","","","I267V (ATC→GTC)","","","","","","","","","","1.00","","","","","","","","","","",""
"2,743,383","DUP","2,187 bp x1.6","[yfiN],  yfiB,  rplS,  trmD,  [rimM]","","","","","Duplication","","","1.00","","","","","","","","","","","","","","","","","",""
"2,750,516","DUP","2,365 bp x1.6","[grpE],  nadK,  [recN]","","","","","Duplication","","","1.00","","","","","","","","","","","","","","","","","",""
"2,756,345","DUP","9,580 bp x1.7","[intA],  yfjH,  alpA,  yfjI,  yfjJ,  yfjK,  yfjL,  yfjM,  [rnlA]","","","","","Duplication","","","1.00","","","","","","","","","","","","","","","","","",""
"2,768,430","DUP","7,042 bp x1.7","[yfjP],  yfjQ,  yfjR,  ypjK,  yfjS,  yfjT,  yfjU,  yfjV,  yfjW","","","","","Duplication","","","1.00","","","","","","","","","","","","","","","","","",""
"2,782,626","MOB","IS5 (–) +4 bp","ypjA","","","","","coding (98‑101/4581 nt)","","","","","","","","","","","","","","","","","","1.00","1.00","",""
"2,784,452","MOB","IS5 (–) +4 bp","ypjC","","","","","pseudogene (557‑560/1374 nt)","","","","","","","","","","","","1.00","1.00","1.00","","","","","","",""
"2,789,482","DUP","1,918 bp x1.7","[csiD],  lhgO,  [gabD]","","","","","Duplication","","","1.00","","","","","","","","","","","","","","","","","",""
"2,793,906","DUP","8,641 bp x1.7","[gabT],  gabP,  csiR,  ygaU,  yqaE,  ygaV,  ygaP,  stpA,  alaE,  ygaC,  ygaM,  nrdH,  nrdI,  [nrdE]","","","","","Duplication","","","1.00","","","","","","","","","","","","","","","","","",""
"2,801,966","DEL","Δ11,843 bp","[nrdE],  nrdF,  proV,  proW,  proX,  ygaY,  ygaY,  ygaZ,  ygaH,  mprA,  emrA,  [emrB]","","","","","","","","","","","","","","","","","","","","","","","","","1.00","1.00"
"2,803,748","DUP","2,766 bp x1.7","[nrdF],  proV,  [proW]","","","","","Duplication","","","1.00","","","","","","","","","","","","","","","","","",""
"2,808,757","DUP","2,886 bp x1.7","[ygaY],  ygaZ,  ygaH,  mprA,  [emrA]","","","","","Duplication","","","1.00","","","","","","","","","","","","","","","","","",""
"2,810,080","DEL","Δ1,165 bp","[ygaZ],  ygaH,  [mprA]","","","","","","","","","","","1.00","1.00","1.00","","","","","","","","","","","","",""
"2,810,804","DEL","Δ1 bp","mprA","","","","","coding (35/531 nt)","","","","","","","","","","","","","","","","","","1.00","1.00","",""
"2,814,624","DUP","5,161 bp x1.7","[luxS],  gshA,  yqaA,  yqaB,  csrA,  [alaS]","","","","","Duplication","","","1.00","","","","","","","","","","","","","","","","","",""
"2,826,891","DUP","1,915 bp x1.6","[srlE],  srlB,  srlD,  [srlM]","","","","","Duplication","","","1.00","","","","","","","","","","","","","","","","","",""
"2,832,388","DUP","4,346 bp x1.7","norV,  norW,  [hypF]","","","","","Duplication","","","1.00","","","","","","","","","","","","","","","","","",""
"2,838,052","DUP","2,216 bp x1.6","[hydN],  ascG,  [ascF]","","","","","Duplication","","","1.00","","","","","","","","","","","","","","","","","",""
"2,848,873","DUP","1,429 bp x1.7","[hycC],  hycB,  [hycA]","","","","","Duplication","","","1.00","","","","","","","","","","","","","","","","","",""
"2,855,165","DUP","3,275 bp x1.7","[fhlA],  ygbA,  [mutS]","","","","","Duplication","","","1.00","","","","","","","","","","","","","","","","","",""
"2,859,624","DUP","2,117 bp x1.7","[mutS],  pphB,  ygbI,  [ygbJ]","","","","","Duplication","","","1.00","","","","","","","","","","","","","","","","","",""
"2,864,146","DUP","1,071 bp x1.7","[ygbL],  ygbM,  [ygbN]","","","","","Duplication","","","1.00","","","","","","","","","","","","","","","","","",""
"2,867,424","DUP","1,994 bp x1.6","[rpoS],  nlpD,  [pcm]","","","","","Duplication","","","1.00","","","","","","","","","","","","","","","","","",""
"2,876,021","DUP","3,579 bp x1.7","[cysD],  iap,  ygbF,  [ygbT]","","","","","Duplication","","","1.00","","","","","","","","","","","","","","","","","",""
"2,881,210","DUP","6,510 bp x1.8","[casC],  casB,  casA,  ygcB,  [cysH]","","","","","Duplication","","","1.00","","","","","","","","","","","","","","","","","",""
"2,890,676","DUP","3,997 bp x1.7","[cysJ],  queD,  ygcN,  ygcO,  [ygcP]","","","","","Duplication","","","1.00","","","","","","","","","","","","","","","","","",""
"2,896,491","DUP","15,063 bp x1.7","[ygcR],  ygcS,  ygcU,  ygcW,  yqcE,  ygcE,  queE,  yqcG,  ygcG,  eno,  pyrG,  mazG,  mazF,  mazE,  [relA]","","","","","Duplication","","","1.00","","","","","","","","","","","","","","","","","",""
"2,912,598","DUP","2,705 bp x1.6","[relA],  rlmD,  [barA]","","","","","Duplication","","","1.00","","","","","","","","","","","","","","","","","",""
"2,919,104","DUP","10,552 bp x1.7","[gudD],  gudX,  gudP,  yqcA,  truC,  yqcC,  syd,  queF,  ygdH,  sdaC,  [sdaB]","","","","","Duplication","","","1.00","","","","","","","","","","","","","","","","","",""
"2,932,941","DUP","3,658 bp x1.7","[fucO],  fucA,  fucP,  [fucI]","","","","","Duplication","","","1.00","","","","","","","","","","","","","","","","","",""
"2,937,736","DUP","2,420 bp x1.7","[fucK],  fucU,  fucR,  [rlmM]","","","","","Duplication","","","1.00","","","","","","","","","","","","","","","","","",""
"2,941,208","DUP","1,805 bp x1.6","[rlmM],  ygdD,  gcvA,  [ygdI]","","","","","Duplication","","","1.00","","","","","","","","","","","","","","","","","",""
"2,944,187","DUP","2,394 bp x1.7","[csdA],  csdE,  tcdA,  [mltA]","","","","","Duplication","","","1.00","","","","","","","","","","","","","","","","","",""
"2,948,243","DUP","7,087 bp x1.7","[amiC],  argA,  recD,  [recB]","","","","","Duplication","","","1.00","","","","","","","","","","","","","","","","","",""
"2,961,117","DUP","10,260 bp x1.7","[recC],  ppdC,  ygdB,  ppdB,  ppdA,  thyA,  lgt,  ptsP,  rppH,  mutH,  ygdQ,  [ygdR]","","","","","Duplication","","","1.00","","","","","","","","","","","","","","","","","",""
"2,975,361","DUP","3,410 bp x1.7","[aas],  galR,  [lysA]","","","","","Duplication","","","1.00","","","","","","","","","","","","","","","","","",""
"2,980,085","DUP","2,738 bp x1.8","[ygeA],  araE,  [kduD]","","","","","Duplication","","","1.00","","","","","","","","","","","","","","","","","",""
"2,983,852","DUP","12,009 bp x1.9","[kduI],  yqeF,  yqeG,  yqeH,  yqeI,  yqeJ,  yqeL,  yqeK,  ygeF,  ygeG,  ygeH,  ygeI,  pbl,  ygeK,  [ygeN]","","","","","Duplication","","","1.00","","","","","","","","","","","","","","","","","",""
"2,997,830","DUP","3,064 bp x1.7","[ygeQ],  ygeR,  [xdhA]","","","","","Duplication","","","1.00","","","","","","","","","","","","","","","","","",""
"3,002,553","DUP","7,438 bp x1.6","[xdhA],  xdhB,  xdhC,  ygeV,  ygeW,  ygeX,  ygeY","","","","","Duplication","","","1.00","","","","","","","","","","","","","","","","","",""
"3,011,138","DUP","1,753 bp x1.7","[hyuA],  yqeA,  [yqeB]","","","","","Duplication","","","1.00","","","","","","","","","","","","","","","","","",""
"3,013,986","DUP","3,200 bp x1.7","[yqeB],  yqeC,  mocA,  [ygfK]","","","","","Duplication","","","1.00","","","","","","","","","","","","","","","","","",""
"3,019,113","DUP","6,039 bp x1.7","[ygfK],  ssnA,  ygfM,  xdhD,  [xanQ]","","","","","Duplication","","","1.00","","","","","","","","","","","","","","","","","",""
"3,027,016","DUP","2,833 bp x1.8","[guaD],  ghxQ,  ygfS,  [ygfT]","","","","","Duplication","","","1.00","","","","","","","","","","","","","","","","","",""
"3,031,003","DUP","12,559 bp x1.7","uacT,  yqfG,  idi,  lysS,  prfB,  recJ,  dsbC,  xerD,  fldB,  cptA,  sdhE,  ygfZ,  yqfA,  [yqfB]","","","","","Duplication","","","1.00","","","","","","","","","","","","","","","","","",""
"3,046,402","DUP","3,347 bp x1.7","[gcvP],  gcvH,  [gcvT]","","","","","Duplication","","","1.00","","","","","","","","","","","","","","","","","",""
"3,050,744","DUP","2,634 bp x1.7","ubiI,  [ubiH]","","","","","Duplication","","","1.00","","","","","","","","","","","","","","","","","",""
"3,054,279","DUP","2,921 bp x1.8","[pepP],  ygfB,  zapA,  fau,  ibsC,  [serA]","","","","","Duplication","","","1.00","","","","","","","","","","","","","","","","","",""
"3,058,117","DUP","5,132 bp x1.7","[serA],  rpiA,  yqfE,  argP,  scpA,  [argK]","","","","","Duplication","","","1.00","","","","","","","","","","","","","","","","","",""
"3,064,173","DUP","2,885 bp x1.7","[scpB],  scpC,  [ygfI]","","","","","Duplication","","","1.00","","","","","","","","","","","","","","","","","",""
"3,068,090","DUP","14,635 bp x1.7","argO,  mscS,  fbaA,  pgk,  epd,  yggC,  yggD,  yggF,  yggP,  cmtA,  cmtB,  tktA,  loiP","","","","","Duplication","","","1.00","","","","","","","","","","","","","","","","","",""
"3,083,804","DUP","7,934 bp x1.7","speA,  yqgB,  yqgC,  metK,  galP,  yggI,  endA,  [rsmE]","","","","","Duplication","","","1.00","","","","","","","","","","","","","","","","","",""
"3,093,266","DUP","8,554 bp x1.7","[yqgE],  yqgF,  yggR,  yggS,  yggT,  yggU,  rdgB,  yggW,  yggM,  ansB,  yggN,  [yggL]","","","","","Duplication","","","1.00","","","","","","","","","","","","","","","","","",""
"3,103,123","DUP","7,440 bp x1.8","[mutY],  yggX,  mltC,  nupG,  speC,  yqgA","","","","","Duplication","","","1.00","","","","","","","","","","","","","","","","","",""
"3,112,084","DUP","1,662 bp x1.7","[yghE],  yghF,  yghG,  [pppA]","","","","","Duplication","","","1.00","","","","","","","","","","","","","","","","","",""
"3,114,733","DUP","6,835 bp x1.7","[sslE],  glcA","","","","","Duplication","","","1.00","","","","","","","","","","","","","","","","","",""
"3,122,685","DUP","2,711 bp x1.7","[glcB],  glcG,  [glcF]","","","","","Duplication","","","1.00","","","","","","","","","","","","","","","","","",""
"3,131,452","DUP","6,949 bp x1.8","[yghQ],  yghR,  yghS,  yghT,  pitB,  [gss]","","","","","Duplication","","","1.00","","","","","","","","","","","","","","","","","",""
"3,139,506","DUP","5,270 bp x1.7","[yghU],  hybG,  hybF,  hybE,  hybD,  hybC,  hybB,  [hybA]","","","","","Duplication","","","1.00","","","","","","","","","","","","","","","","","",""
"3,145,875","DUP","4,851 bp x1.7","[hybO],  yghW,  yghX,  gpr,  yqhA,  yghA","","","","","Duplication","","","1.00","","","","","","","","","","","","","","","","","",""
"3,154,333","DUP","6,663 bp x1.7","[yqhC],  yqhD,  dkgA,  yqhG,  yqhH,  [ygiQ]","","","","","Duplication","","","1.00","","","","","","","","","","","","","","","","","",""
"3,161,987","DUP","2,812 bp x1.7","[ftsP],  plsC,  [parC]","","","","","Duplication","","","1.00","","","","","","","","","","","","","","","","","",""
"3,165,864","DUP","8,415 bp x1.8","[parC],  ygiS,  mqsA,  mqsR,  ygiV,  ygiW,  qseB,  qseC,  ygiZ,  mdaB,  ygiN,  [parE]","","","","","Duplication","","","1.00","","","","","","","","","","","","","","","","","",""
"3,175,240","DUP","5,467 bp x1.7","[parE],  yqiA,  cpdA,  yqiB,  nudF,  tolC,  ygiB,  [ygiC]","","","","","Duplication","","","1.00","","","","","","","","","","","","","","","","","",""
"3,183,317","DUP","1,424 bp x1.8","[zupT],  ribB","","","","","Duplication","","","1.00","","","","","","","","","","","","","","","","","",""
"3,187,500","DUP","7,642 bp x1.8","[yqiG],  yqiH,  yqiI,  glgS,  yqiJ,  yqiK,  ibsD,  [ibsE]","","","","","Duplication","","","1.00","","","","","","","","","","","","","","","","","",""
"3,196,669","DUP","17,587 bp x1.7","[hldE],  glnE,  ygiF,  ygiM,  cca,  bacA,  folB,  plsY,  ttdR,  ttdA,  ttdB,  ttdT,  tsaD,  rpsU,  dnaG,  [rpoD]","","","","","Duplication","","","1.00","","","","","","","","","","","","","","","","","",""
"3,215,199","DUP","3,542 bp x1.8","[mug],  yqjH,  yqjI,  [aer]","","","","","Duplication","","","1.00","","","","","","","","","","","","","","","","","",""
"3,219,652","DUP","3,061 bp x1.7","[patA],  ygjH,  ebgR,  [ebgA]","","","","","Duplication","","","1.00","","","","","","","","","","","","","","","","","",""
"3,225,616","DUP","13,012 bp x1.7","[ebgA],  ebgC,  ygjI,  ygjJ,  ygjK,  fadH,  higA,  higB,  rlmG,  ygjP,  ygjQ,  ygjR,  [alx]","","","","","Duplication","","","1.00","","","","","","","","","","","","","","","","","",""
"3,239,591","DUP","11,048 bp x1.7","sstT,  ygjV,  uxaA,  uxaC,  exuT,  exuR,  yqjA,  mzrA,  yqjC,  yqjD,  yqjE,  yqjK,  [yqjF]","","","","","Duplication","","","1.00","","","","","","","","","","","","","","","","","",""
"3,251,806","DUP","8,131 bp x1.8","[yqjG],  yhaH,  yhaI,  yhaJ,  yhaK,  yhaL,  yhaM,  yhaO,  tdcG,  [tdcF]","","","","","Duplication","","","1.00","","","","","","","","","","","","","","","","","",""
"3,260,966","DUP","14,306 bp x1.8","[tdcE],  tdcD,  tdcC,  tdcB,  tdcA,  tdcR,  yhaB,  yhaC,  garK,  garR,  garL,  garP","","","","","Duplication","","","1.00","","","","","","","","","","","","","","","","","",""
"3,276,753","DUP","27,248 bp x1.7","[garD],  prlF,  yhaV,  agaR,  kbaZ,  agaV,  agaW,  agaA,  agaS,  kbaY,  agaB,  agaC,  agaD,  agaI,  yraH,  yraI,  yraJ,  yraK,  rsmI,  lpoA,  yraN,  diaA,  yraP,  yraQ,  yraR,  yhbO,  yhbP,  yhbQ,  yhbS,  yhbT,  yhbU,  yhbV,  [yhbW]","","","","","Duplication","","","1.00","","","","","","","","","","","","","","","","","",""
"3,277,273","INS","(TTCAACA)2→3","prlF","","","","","coding (272/336 nt)","","","","","","","","","","","","","","","","","","1.00","","",""
"3,305,369","DUP","3,680 bp x1.7","[mtr],  deaD,  yrbN,  nlpI,  [pnp]","","","","","Duplication","","","1.00","","","","","","","","","","","","","","","","","",""
"3,310,328","DUP","34,493 bp x1.8","[pnp],  rpsO,  truB,  rbfA,  infB,  nusA,  rimP,  argG,  yhbX,  secG,  glmM,  folP,  ftsH,  rlmE,  yhbY,  greA,  dacB,  obgE,  yhbE,  rpmA,  rplU,  ispB,  sfsB,  murA,  ibaG,  mlaB,  mlaC,  mlaD,  mlaE,  mlaF,  yrbG,  kdsD,  kdsC,  lptC,  lptA,  lptB,  [rpoN]","","","","","Duplication","","","1.00","","","","","","","","","","","","","","","","","",""
"3,316,547","DUP","82,664 bp x3.0","[nusA],  rimP,  argG,  yhbX,  secG,  glmM,  folP,  ftsH,  rlmE,  yhbY,  greA,  dacB,  obgE,  yhbE,  rpmA,  rplU,  ispB,  sfsB,  murA,  ibaG,  mlaB,  mlaC,  mlaD,  mlaE,  mlaF,  yrbG,  kdsD,  kdsC,  lptC,  lptA,  lptB,  rpoN,  hpf,  ptsN,  yhbJ,  npr,  yrbL,  mtgA,  elbB,  arcB,  yhcC,  gltB,  gltD,  gltF,  yhcA,  yhcD,  yhcE,  insH1,  yhcF,  yhcG,  yhcH,  nanK,  nanE,  nanT,  nanA,  nanR,  dcuD,  sspB,  sspA,  rpsI,  rplM,  zapE,  yhcB,  degQ,  degS,  mdh,  argR,  yhcN,  yhcO,  aaeB,  aaeA,  aaeX,  aaeR,  tldD,  yhdP,  rng,  yhdE,  mreD,  [mreC]","","","","","Duplication","","","","","","","","","","","1.00","","","","","","","","","",""
"3,316,547","DUP","82,664 bp x2.7","[nusA],  rimP,  argG,  yhbX,  secG,  glmM,  folP,  ftsH,  rlmE,  yhbY,  greA,  dacB,  obgE,  yhbE,  rpmA,  rplU,  ispB,  sfsB,  murA,  ibaG,  mlaB,  mlaC,  mlaD,  mlaE,  mlaF,  yrbG,  kdsD,  kdsC,  lptC,  lptA,  lptB,  rpoN,  hpf,  ptsN,  yhbJ,  npr,  yrbL,  mtgA,  elbB,  arcB,  yhcC,  gltB,  gltD,  gltF,  yhcA,  yhcD,  yhcE,  insH1,  yhcF,  yhcG,  yhcH,  nanK,  nanE,  nanT,  nanA,  nanR,  dcuD,  sspB,  sspA,  rpsI,  rplM,  zapE,  yhcB,  degQ,  degS,  mdh,  argR,  yhcN,  yhcO,  aaeB,  aaeA,  aaeX,  aaeR,  tldD,  yhdP,  rng,  yhdE,  mreD,  [mreC]","","","","","Duplication","","","","","","","","","","1.00","","","","","","","","","","",""
"3,316,547","DUP","45,140 bp x2.2","[nusA],  rimP,  argG,  yhbX,  secG,  glmM,  folP,  ftsH,  rlmE,  yhbY,  greA,  dacB,  obgE,  yhbE,  rpmA,  rplU,  ispB,  sfsB,  murA,  ibaG,  mlaB,  mlaC,  mlaD,  mlaE,  mlaF,  yrbG,  kdsD,  kdsC,  lptC,  lptA,  lptB,  rpoN,  hpf,  ptsN,  yhbJ,  npr,  yrbL,  mtgA,  elbB,  arcB,  yhcC,  gltB,  gltD,  [gltF]","","","","","Duplication","","","","","","","","","1.00","","","","","","","","","","","",""
"3,317,438","SNP","G→A","nusA","","","","","A30V (GCG→GTG)","","","","","","","","","","","","","","","1.00","1.00","1.00","","","",""
"3,345,765","DUP","18,096 bp x1.7","[rpoN],  hpf,  ptsN,  yhbJ,  npr,  yrbL,  mtgA,  elbB,  arcB,  yhcC,  gltB,  gltD,  gltF,  yhcA,  [yhcD]","","","","","Duplication","","","1.00","","","","","","","","","","","","","","","","","",""
"3,361,691","DUP","5,246 bp x3.9","[gltF],  yhcA,  yhcD,  yhcE,  insH1,  [yhcF]","","","","","Duplication","","","","","","","","","1.00","","","","","","","","","","","",""
"3,367,122","DUP","31,895 bp x2.2","[yhcF],  yhcG,  yhcH,  nanK,  nanE,  nanT,  nanA,  nanR,  dcuD,  sspB,  sspA,  rpsI,  rplM,  zapE,  yhcB,  degQ,  degS,  mdh,  argR,  yhcN,  yhcO,  aaeB,  aaeA,  aaeX,  aaeR,  tldD,  yhdP,  rng,  yhdE,  mreD,  [mreC]","","","","","Duplication","","","","","","","","","1.00","","","","","","","","","","","",""
"3,367,171","DUP","15,505 bp x1.8","[yhcF],  yhcG,  yhcH,  nanK,  nanE,  nanT,  nanA,  nanR,  dcuD,  sspB,  sspA,  rpsI,  rplM,  zapE,  yhcB,  degQ,  [degS]","","","","","Duplication","","","1.00","","","","","","","","","","","","","","","","","",""
"3,382,679","DUP","14,450 bp x2.1","[degS],  mdh,  argR,  yhcN,  yhcO,  aaeB,  aaeA,  aaeX,  aaeR,  tldD,  yhdP,  [rng]","","","","","Duplication","","","","","","","","","","","","","","","","","1.00","","","",""
"3,382,962","DUP","7,984 bp x2.1","[degS],  mdh,  argR,  yhcN,  yhcO,  aaeB,  aaeA,  aaeX,  aaeR,  [tldD]","","","","","Duplication","","","","","","","","","","","","","","","1.00","","","","","",""
"3,383,127","DUP","13,618 bp x2.1","[degS],  mdh,  argR,  yhcN,  yhcO,  aaeB,  aaeA,  aaeX,  aaeR,  tldD,  yhdP,  [rng]","","","","","Duplication","","","","","","","","","","","","","","","","1.00","","","","",""
"3,383,609","DUP","9,700 bp x1.8","[mdh],  argR,  yhcN,  yhcO,  aaeB,  aaeA,  aaeX,  aaeR,  tldD,  [yhdP]","","","","","Duplication","","","1.00","","","","","","","","","","","","","","","","","",""
"3,392,428","DUP","4,701 bp x2.1","yhdP,  [rng]","","","","","Duplication","","","","","","","","","","","","","","","1.00","","","","","",""
"3,394,946","DUP","19,712 bp x1.8","[yhdP],  rng,  yhdE,  mreD,  mreC,  mreB,  csrD,  acuI,  yrdF,  yrdE,  accB,  accC,  yhdT,  panF,  prmA,  dusB,  fis,  yhdJ,  yhdU,  acrS,  [acrE]","","","","","Duplication","","","1.00","","","","","","","","","","","","","","","","","",""
"3,416,404","DUP","7,803 bp x2.0","[acrF],  yhdV,  yhdW,  yhdX,  yhdY,  yhdZ","","","","","Duplication","","","1.00","","","","","","","","","","","","","","","","","",""
"3,431,072","DUP","47,944 bp x1.9","[tsaC],  yrdD,  smg,  smf,  def,  fmt,  rsmB,  trkA,  mscL,  arfA,  zntR,  yhdN,  rplQ,  rpoA,  rpsD,  rpsK,  rpsM,  rpmJ,  secY,  rplO,  rpmD,  rpsE,  rplR,  rplF,  rpsH,  rpsN,  rplE,  rplX,  rplN,  rpsQ,  rpmC,  rplP,  rpsC,  rplV,  rpsS,  rplB,  rplW,  rplD,  rplC,  rpsJ,  gspB,  gspA,  gspC,  gspD,  gspE,  gspF,  gspG,  gspH,  gspI,  gspJ,  gspK,  gspL,  gspM,  gspO,  bfr,  bfd,  chiA,  tufA,  fusA,  rpsG,  rpsL,  tusB,  tusC,  tusD,  yheO,  fkpA,  slyX,  slyD,  yheV,  [kefB]","","","","","Duplication","","","1.00","","","","","","","","","","","","","","","","","",""
"3,440,924","SNP","C→G","rpoA","","","","","G36R (GGC→CGC)","","","","","","","","","1.00","1.00","1.00","","","","","","","","","",""
"3,471,319","DEL","(T)5→4","tufA","","","","","coding (11/1185 nt)","","","","","","","","","","","","","","1.00","","","","","","",""
"3,473,615","SNP","C→T","rpsG","","","","","W156* (TGG→TAG)","","","","","","","","","1.00","1.00","1.00","","","","","","","","","",""
"3,480,240","DUP","8,381 bp x1.7","[kefB],  kefG,  yheS,  yheT,  yheU,  prkB,  yhfA,  crp,  [yhfK]","","","","","Duplication","","","1.00","","","","","","","","","","","","","","","","","",""
"3,489,675","DUP","82,036 bp x1.8","[argD],  pabA,  fic,  yhfG,  ppiA,  tsgA,  nirB,  nirD,  nirC,  cysG,  yhfL,  frlA,  frlB,  frlC,  frlD,  frlR,  yhfS,  yhfT,  yhfU,  php,  yhfW,  yhfX,  yhfY,  yhfZ,  trpS,  gph,  rpe,  dam,  damX,  aroB,  aroK,  hofQ,  hofP,  hofO,  hofN,  hofM,  mrcA,  nudE,  yrfF,  yrfG,  hslR,  hslO,  yhgE,  pck,  envZ,  ompR,  greB,  yhgF,  feoA,  feoB,  feoC,  yhgA,  bioH,  gntX,  nfuA,  gntT,  malQ,  malP,  malT,  rtcA,  rtcB,  rtcR,  glpR,  glpG,  glpE,  glpD,  yzgL,  glgP,  glgA,  glgC,  glgX,  [glgB]","","","","","Duplication","","","1.00","","","","","","","","","","","","","","","","","",""
"3,530,902","SNP","A→G","yhgE","","","","","V513A (GTC→GCC)","","","","","","","","","","","","","","","1.00","1.00","1.00","","","",""
"3,572,864","DUP","37,523 bp x1.8","[glgB],  asd,  yhgN,  gntU,  gntK,  gntR,  yhhW,  yhhX,  yhhY,  yhhZ,  yrhA,  insA,  insB1,  yrhB,  ggt,  yhhA,  ugpQ,  ugpC,  ugpE,  ugpA,  ugpB,  livF,  livG,  livM,  livH,  livK,  panM,  livJ,  rpoH,  ftsX,  ftsE,  ftsY,  rsmD,  yhhL,  yhhM,  yhhN,  zntA,  tusA,  yhhQ,  [dcrB]","","","","","Duplication","","","1.00","","","","","","","","","","","","","","","","","",""
"3,583,459","DUP","725 bp x2.8","[yrhA],  insA,  insB1","","","","","Duplication","","","","","","","","","","","1.00","","","","","","","","","",""
"3,583,475","DUP","640 bp x2.4","[yrhA],  insA,  [insB1]","","","","","Duplication","","","","","","","","","","","","","","","","","","","","1.00",""
"3,583,479","DUP","611 bp x2.3","[yrhA],  insA,  [insB1]","","","","","Duplication","","","","","","","","","","","","","","","","","","1.00","","",""
"3,611,452","DUP","5,478 bp x1.7","[yhhS],  yhhT,  acpT,  nikA,  nikB,  [nikC]","","","","","Duplication","","","1.00","","","","","","","","","","","","","","","","","",""
"3,618,344","DUP","18,272 bp x2.2","[nikE],  nikR,  rhsB,  yhhH,  yrhC,  yhhI,  yhhJ,  rbbA,  yhiI,  yhiJ,  yhiL,  yhiM,  [yhiN]","","","","","Duplication","","","1.00","","","","","","","","","","","","","","","","","",""
"3,637,707","DUP","7,226 bp x1.8","[pitA],  uspB,  uspA,  dtpB,  rsmJ,  [prlC]","","","","","Duplication","","","1.00","","","","","","","","","","","","","","","","","",""
"3,645,851","DUP","24,151 bp x2.4","[rlmJ],  gor,  dinQ,  arsR,  arsB,  arsC,  yhiS,  insH1,  slp,  dctR,  yhiD,  hdeB,  hdeA,  hdeD,  gadE,  mdtE,  mdtF,  gadW,  gadX,  gadA,  yhjA,  [treF]","","","","","Duplication","","","1.00","","","","","","","","","","","","","","","","","",""
"3,671,106","DUP","32,513 bp x1.9","[treF],  yhjB,  yhjC,  yhjD,  yhjE,  yhjG,  yhjH,  kdgK,  yhjJ,  dctA,  yhjK,  bcsC,  bcsZ,  bcsB,  bcsA,  bcsQ,  yhjR,  bcsE,  bcsF,  bcsG,  ldrD,  yhjV,  dppF,  [dppD]","","","","","Duplication","","","1.00","","","","","","","","","","","","","","","","","",""
"3,683,736","DEL","Δ1 bp","yhjK","","","","","coding (1883/1989 nt)","","","","","","","","","","","","","","","","","","","","1.00",""
"3,685,181","DEL","Δ273 bp","yhjK","","","","","coding (166‑438/1989 nt)","","","","","","","","","","","","","","","","","","","","","1.00"
"3,704,829","DUP","10,151 bp x1.9","[dppB],  dppA,  eptB,  yhjX,  yhjY,  tag,  yiaC,  [bisC]","","","","","Duplication","","","1.00","","","","","","","","","","","","","","","","","",""
"3,716,033","DUP","114,694 bp x1.9","[bisC],  yiaD,  ghrB,  yiaF,  yiaG,  cspA,  mokA,  hokA,  insJ,  insK,  glyS,  glyQ,  ysaB,  wecH,  yiaA,  yiaB,  xylB,  xylA,  xylF,  xylG,  xylH,  xylR,  bax,  malS,  avtA,  ysaA,  yiaJ,  yiaK,  yiaL,  yiaM,  yiaN,  yiaO,  lyxK,  sgbH,  sgbU,  sgbE,  ysaC,  ysaD,  yiaT,  yiaU,  yiaV,  yiaW,  aldB,  yiaY,  selB,  selA,  yibF,  rhsA,  yibA,  rhsJ,  yibG,  yibS,  yibW,  yibV,  yibU,  yibH,  yibI,  mtlA,  mtlD,  mtlR,  yibT,  yibL,  lldP,  lldR,  lldD,  trmL,  cysE,  gpsA,  secB,  grxC,  yibN,  gpmM,  envC,  yibQ,  waaH,  tdh,  kbl,  yibB,  hldD,  waaF,  waaC,  waaL,  waaU,  waaZ,  waaY,  waaR,  waaO,  waaB,  waaS,  waaP,  waaG,  waaQ,  waaA,  coaD,  mutM,  rpmG,  rpmB,  yicR,  dfp,  dut,  slmA,  pyrE,  rph,  yicC,  dinD,  yicG,  ligB,  gmk,  rpoZ,  spoT,  trmH,  recG,  gltS,  xanP,  [yicH]","","","","","Duplication","","","1.00","","","","","","","","","","","","","","","","","",""
"3,815,810","DEL","Δ1 bp","pyrE,  rph","","","","","intergenic (‑42/+24)","","","","","","1.00","1.00","1.00","","","","","","","1.00","1.00","1.00","1.00","1.00","1.00","1.00"
"3,831,751","DUP","90,880 bp x1.9","[yicH],  yicI,  yicJ,  yicT,  setC,  yicL,  nlpA,  yicS,  nepI,  yicN,  adeQ,  adeD,  uhpT,  uhpC,  uhpB,  uhpA,  ilvN,  ilvB,  ivbL,  tisB,  emrD,  yidF,  yidG,  yidH,  yidI,  yidJ,  yidK,  yidL,  glvG,  glvC,  yidP,  yidE,  ibpB,  ibpA,  yidQ,  yidR,  cbrA,  dgoT,  dgoD,  dgoA,  dgoK,  dgoR,  yidX,  yidA,  yidB,  gyrB,  recF,  dnaN,  dnaA,  rpmH,  rnpA,  yidD,  yidC,  mnmE,  tnaC,  tnaA,  tnaB,  mdtL,  yidZ,  yieE,  chrR,  adeP,  yieH,  cbrB,  cbrC,  yieK,  yieL,  bglH,  bglB,  bglF,  bglG,  phoU,  pstB,  pstA,  pstC,  pstS,  glmS,  glmU,  atpC,  atpD,  atpG,  atpA,  atpH,  atpF,  atpE,  atpB,  atpI","","","","","Duplication","","","1.00","","","","","","","","","","","","","","","","","",""
"3,922,483","SNP","G→A","atpI,  rsmG","","","","","intergenic (‑43/+574)","","","","","","1.00","1.00","1.00","","","","","","","","","","","","",""
"3,922,570","INS","+TAG","atpI,  rsmG","","","","","intergenic (‑130/+487)","","","","","","","","","","","","","","1.00","","","","","","",""
"3,922,629","MOB","IS5 (–) +4 bp","atpI,  rsmG","","","","","intergenic (‑189/+425)","","","1.00","1.00","1.00","","","","","","","1.00","","","","","","","","",""
"3,966,718","INS","+GAT","rho","","","","","coding (302/1260 nt)","","","","","","","","","","","","","","","","","","","","","1.00"
"3,966,727","SNP","C→T","rho","","","","","P104L (CCG→CTG)","","1.00","","","","1.00","1.00","1.00","","","","","","","1.00","1.00","1.00","1.00","1.00","",""
"3,966,751","SNP","C→T","rho","","","","","A112V (GCG→GTG)","","","1.00","1.00","1.00","","","","","","","1.00","1.00","1.00","","","","","","",""
"4,054,531","DEL","Δ104 bp","glnG","","","","","coding (645‑748/1410 nt)","","","","","","","","","","","","1.00","","","","","","","","",""
"4,099,695","SNP","G→A","rhaT","","","","","A277A (GCC→GCT)","","","","1.00","","","","","","","","","","","","","","","","",""
"4,183,802","SNP","A→G","rpoB","","","","","D853G (GAC→GGC)","","","","","","1.00","1.00","1.00","","","","","","","","","","","","",""
"4,183,814","SNP","T→A","rpoB","()","(RNA polymerase, beta subunit)","(GO:0006350 - transcription)","(GO:0005737 - cytoplasm)","V857E (GTG→GAG)","","","","","","","","","","","","","","","","","","1.00","1.00","",""
"4,185,540","SNP","C→T","rpoC","","","","","P64L (CCG→CTG)","","1.00","1.00","1.00","1.00","","","","","","","1.00","1.00","1.00","","","","","","",""
"4,375,431","SNP","A→C","epmB","","","","","V76G (GTA→GGA)","","","","","","","","","1.00","","","","","","","","","","","",""
"4,544,671","MOB","+G :: IS5 (–) +3 bp","fimC","","","","","coding (368‑370/726 nt)","","","","","","","","","","","","","","","","","1.00","","","",""
"4,546,637","DEL","Δ1 bp","fimD","","","","","coding (1542/2637 nt)","","1.00","","","","","","","","","","","","","","","","","","",""
"4,549,617","DUP","9,442 bp x1.9","[fimH],  gntP,  uxuA,  uxuB,  uxuR,  yjiC,  iraD,  hypT,  [iadA]","","","","","Duplication","","","","","","","","","","","","","","","","","1.00","","","",""
"4,563,138","DUP","3,456 bp x1.8","[yjiK],  yjiL,  yjiM,  [yjiN]","","","","","Duplication","","","","","","","","","","","","","","","","","1.00","","","",""
"4,568,126","DUP","2,095 bp x1.9","[mdtM],  yjiP,  [yjiR]","","","","","Duplication","","","","","","","","","","","","","","","","","1.00","","","",""
"4,569,172","SNP","G→A","yjiP","","","","","pseudogene (175/921 nt)","","","","","","","","","","","","","","","1.00","1.00","1.00","","","",""
"4,572,027","DUP","12,476 bp x1.9","yjiT,  yjiV,  mcrC,  mcrB,  symE,  hsdS,  hsdM,  [hsdR]","","","","","Duplication","","","","","","","","","","","","","","","","","1.00","","","",""
"4,585,735","DUP","2,434 bp x1.9","[hsdR],  mrr,  [yjiA]","","","","","Duplication","","","","","","","","","","","","","","","","","1.00","","","",""
"4,594,761","DUP","1,475 bp x1.9","lgoR,  [lgoD]","","","","","Duplication","","","","","","","","","","","","","","","","","1.00","","","",""
"4,597,816","DUP","3,114 bp x1.8","[opgB],  yjjA,  [dnaC]","","","","","Duplication","","","","","","","","","","","","","","","","","1.00","","","",""
"4,603,099","DUP","5,926 bp x1.9","yjjQ,  bglJ,  fhuF,  yjjZ,  rsmC,  holD,  rimI,  [yjjG]","","","","","Duplication","","","","","","","","","","","","","","","","","1.00","","","",""
"4,610,720","DUP","2,116 bp x1.9","[prfC],  osmY,  ytjA,  [yjjU]","","","","","Duplication","","","","","","","","","","","","","","","","","1.00","","","",""
"4,615,181","DUP","4,912 bp x1.8","[yjjW],  yjjI,  deoC,  deoA,  [deoB]","","","","","Duplication","","","","","","","","","","","","","","","","","1.00","","","",""
"4,623,802","DUP","10,304 bp x1.9","[lplA],  ytjB,  serB,  radA,  nadR,  ettA,  slt,  trpR,  yjjX,  [ytjC]","","","","","Duplication","","","","","","","","","","","","","","","","","1.00","","","",""
"4,627,451","DEL","Δ124 bp","nadR","","","","","coding (137‑260/1233 nt)","","","1.00","1.00","1.00","","","","","","","","","","","","","","","",""
"4,627,567","SNP","C→T","nadR","","","","","Q85* (CAG→TAG)","","","","","","","","","1.00","1.00","1.00","","","","","","","","","",""
"4,627,958","SNP","C→T","nadR","","","","","P215L (CCG→CTG)","","1.00","","","","","","","","","","","","","","","","","","",""
"4,628,214","DEL","Δ1 bp","nadR","","","","","coding (900/1233 nt)","","","","","","","","","","","","","1.00","","","","","","","",""
"4,628,232","DEL","Δ1 bp","nadR","","","","","coding (918/1233 nt)","","","","","","","","","","","","1.00","","","","","","","","",""
"4,637,250","DUP","3,675 bp x1.9","[creC],  creD,  arcA,  yjjY","","","","","Duplication","","","","","","","","","","","","","","","","","1.00","","","",""