"Position","Mutation Type","Sequence Change","Gene","Function","Product","GO Process","GO Component","Protein change","TOL glutarate A0 F0 I1 R1","TOL glutarate A1 F50 I1 R1","TOL glutarate A1 F50 I2 R1","TOL glutarate A1 F50 I3 R1","TOL glutarate A2 F50 I1 R1","TOL glutarate A2 F50 I2 R1","TOL glutarate A2 F50 I3 R2","TOL glutarate A3 F50 I1 R1","TOL glutarate A3 F50 I2 R2","TOL glutarate A3 F50 I3 R1","TOL glutarate A4 F50 I1 R1","TOL glutarate A4 F50 I2 R2","TOL glutarate A4 F50 I3 R1","TOL glutarate A5 F50 I1 R1","TOL glutarate A5 F50 I2 R1","TOL glutarate A5 F50 I3 R2","TOL glutarate A6 F50 I1 R1","TOL glutarate A6 F50 I2 R2","TOL glutarate A6 F50 I3 R1","TOL glutarate A7 F50 I1 R2","TOL glutarate A7 F50 I2 R1","TOL glutarate A7 F50 I3 R2","TOL glutarate A8 F50 I1 R2","TOL glutarate A8 F50 I2 R1","TOL glutarate A8 F50 I3 R1"
"19,811","DUP","702 bp x3.4","[insB1],  insA","","","","","Duplication","","","","","","","","","","","","","","","","","","","","","","","1.00","",""
"19,833","DUP","679 bp x3.4","[insB1],  insA","","","","","Duplication","","","","","","","","","","","","1.00","","","","","","","","","","","","",""
"19,837","DUP","679 bp x3.5","[insB1],  insA","","","","","Duplication","","","","","","","1.00","","","","","","","","","","","","","","","","","",""
"19,850","DUP","660 bp x3.3","[insB1],  insA","","","","","Duplication","","","","","","1.00","","","","","","","","","","","","","","","","","","",""
"64,352","SNP","G→C","polB","","","","","R477G (CGC→GGC)","","","","","","","","","","","","","","","","","","","","","","","1.00","1.00","1.00"
"303,121","DEL","Δ1 bp","yagU","","","","","coding (131/615 nt)","","","","","","","","","","","","","","1.00","","","","","","","","","","",""
"318,484","SNP","C→T","rclB","","","","","L28L (CTG→CTA)","","","","","","","","","","1.00","","","","","","","","","","","","","","",""
"443,040","SNP","C→T","thiI,  yajL","","","","","intergenic (+43/+11)","","","","","","","","","","","","","","","","","","","","","","1.00","","",""
"481,075","SNP","A→G","tomB,  acrB","","","","","intergenic (‑367/+179)","","","","","1.00","","","","","","","","","","","","","","","","","","","",""
"657,215","DEL","Δ25 bp","pagP,  cspE","","","","","intergenic (+98/‑53)","","","","","","","","","","","","","","","","","1.00","1.00","","","","","","",""
"660,573","SNP","T→C","ybeF","","","","","N269S (AAC→AGC)","","","","","","","","","","","","","","","","","","","","","","1.00","","",""
"700,614","MOB","IS1 (–) +9 bp","nagC","","","","","coding (973‑981/1221 nt)","","1.00","1.00","","","","","","","","","","","","","","","","","","","","","",""
"700,680","MOB","IS1 (+) +9 bp","nagC","","","","","coding (907‑915/1221 nt)","","","","","","","","","","","","","","","","","1.00","1.00","","","","","","",""
"701,188","MOB","IS1 (–) +9 bp","nagC","","","","","coding (399‑407/1221 nt)","","","","","","","","","","","1.00","1.00","","","","","","","","","","","","",""
"701,381","DEL","(C)5→4","nagC","()","()","()","(GO:0005737 - cytoplasm)","coding (214/1221 nt)","","","","","","","","","","","","","","","","","","","","","","1.00","","",""
"701,396","SNP","G→A","nagC","","","","","Q67* (CAG→TAG)","","","","","","","","","","","","","","","","","","","","1.00","","","","",""
"701,614","MOB","IS1 (+) +9 bp","nagA","","","","","coding (1130‑1138/1149 nt)","","","","","1.00","1.00","1.00","","","","","","","","","","","","","","","","","",""
"701,889","MOB","IS1 (+) +9 bp","nagA","","","","","coding (855‑863/1149 nt)","","","","","","","","","","","","","","","","","","","1.00","","","","","",""
"702,338","INS","(T)7→8","nagA","","","","","coding (414/1149 nt)","","","","","","","","","","","","","","","","","","","","","","","","1.00",""
"874,067","SNP","G→A","yliE","","","","","R363R (CGG→CGA)","","","","","","","","","","","","","","","","","","","","","","1.00","","",""
"996,768","SNP","G→A","ssuA","","","","","S59S (TCC→TCT)","","","","","","","","","","1.00","","","","","","","","","","","","","","",""
"1,029,739","DEL","(A)8→7","rlmI","","","","","coding (231/1191 nt)","","","","","","","","","","","","","","","","","","","","","","1.00","","",""
"1,187,352","SNP","G→A","roxA","","","","","L297L (CTG→TTG)","","","","","","","","","","","","","","","","","","","","","","1.00","","",""
"1,198,505","INS","(AATGATGA)6→7","ymfE,  lit","","","","","intergenic (‑268/‑190)","","","","","","","","","","","","","","","","","","","","","","","","","1.00"
"1,299,499","DEL","Δ1,199 bp","ychE,  oppA","","","","","intergenic (+254/‑485)","","","","1.00","","","","","","1.00","","1.00","1.00","","","","","1.00","1.00","1.00","","","","","1.00"
"1,347,104","SNP","G→T","rnb","","","","","C603* (TGC→TGA)","","1.00","1.00","","","","","","","","","","","","","","","","","","","","","",""
"1,347,882","DEL","Δ1 bp","rnb","","","","","coding (1031/1935 nt)","","","","","","1.00","","","","","","","","","","","","","","","","","","",""
"1,354,284","SNP","C→A","sapC","","","","","G79W (GGG→TGG)","","","","","","","","","","","","","","","","","","","","","","","","1.00","1.00"
"1,432,766","DUP","1,232 bp x1.8","[tfaR],  pinR,  [ynaE]","","","","","Duplication","","","","","","","","","","","","","","","","","","","","","","","","1.00",""
"1,630,841","SNP","C→A","ydfI","","","","","V25F (GTT→TTT)","","1.00","","","","","","","","","","","","","","","","","","","","","","",""
"1,636,300","SNP","T→G","nohQ","","","","","pseudogene (68/528 nt)","","","","","","","","","","","","","","","","","","","","","1.00","","","",""
"1,654,069","SNP","G→C","rspA","","","","","T358S (ACT→AGT)","","","","","","","1.00","","","","","","","","","","","","","","","","","",""
"1,728,425","SNP","G→A","rnt","","","","","A27T (GCC→ACC)","","","","","","","","","","","","","","","","","","","1.00","","","","","",""
"1,728,882","SNP","A→C","rnt","","","","","Q179P (CAG→CCG)","","","","","","","","","","1.00","","","","","","","","","","","","","","",""
"1,728,884","SNP","G→A","rnt","","","","","A180T (GCG→ACG)","","","","","","","","","","","","","","","","","","","","","","1.00","","",""
"1,728,926","SNP","T→C","rnt","","","","","F194L (TTT→CTT)","","","","","","","","","","","","","","","","","","","","1.00","1.00","","","",""
"1,907,448","MOB","IS5 (–) +4 bp","yobF","(phenotype; Not classified)","(DUF2527 family heat-induced protein)","()","(GO:0005737 - cytoplasm)","coding (141‑144/144 nt)","","","","","","","","","","","","","","","","","","","","","","","","","1.00"
"2,262,665","SNP","G→A","fruB","","","","","S277S (AGC→AGT)","","","","","","","","","","","","","","","","","","","","","","1.00","","",""
"2,390,019","SNP","G→A","yfbP,  nuoN","","","","","intergenic (+55/+29)","","","","","","","","","","","","1.00","","","","","","","","","","","","",""
"2,465,722","DEL","Δ1 bp","yfdC","","","","","coding (422/933 nt)","","","","","","","","","","","","","","","","","","","","","","1.00","","",""
"2,672,981","DEL","(CGCTAC)2→1","hcaD","","","","","coding (935‑940/1203 nt)","","","","","","","","","","","","","","","","","","","1.00","","","","","",""
"2,724,611","SNP","G→A","kgtP","","","","","A379V (GCG→GTG)","","","","","","","","","","","1.00","1.00","","","","","","","","","","","","",""
"2,724,732","INS","(AAAAGC)1→2","kgtP","","","","","coding (1015/1299 nt)","","","","","","","","","","","","","","","","","","","1.00","","","","","",""
"2,724,848","SNP","C→A","kgtP","","","","","G300V (GGC→GTC)","","","","","","","","","","","","","","","","","","","","1.00","1.00","","","",""
"2,724,971","SNP","A→C","kgtP","","","","","F259C (TTC→TGC)","","","","","","","","1.00","1.00","","","","1.00","","","","","","","","","","","",""
"2,725,209","DEL","Δ9 bp","kgtP","","","","","coding (530‑538/1299 nt)","","","","","","","","","","","","","","","","","","","","","","","","","1.00"
"2,725,232","SNP","C→A","kgtP","","","","","G172V (GGA→GTA)","","","","","","","","","","","","","","","","","","","","","","","","1.00",""
"2,725,370","SNP","A→C","kgtP","","","","","L126* (TTA→TGA)","","","","","","","","","","","","","","","","","1.00","1.00","","","","","","",""
"2,725,375","DEL","Δ1 bp","kgtP","","","","","coding (372/1299 nt)","","","","","","","","","","","","","","1.00","1.00","1.00","","","","","","","","",""
"2,725,518","INS","+C","kgtP","","","","","coding (229/1299 nt)","","","","","","","","","","1.00","","","","","","","","","","","","","","",""
"2,725,643","DEL","Δ1 bp","kgtP","","","","","coding (104/1299 nt)","","","","","1.00","1.00","1.00","","","","","","","","","","","","","","","","","",""
"2,725,672","DEL","(C)5→4","kgtP","","","","","coding (75/1299 nt)","","1.00","1.00","1.00","","","","","","","","","","","","","","","","","","1.00","","",""
"2,725,818","SNP","A→G","kgtP,  rrfG","","","","","intergenic (‑72/+251)","","","","","","","","","","","","","","","","","","","","","","","1.00","",""
"2,765,456","DEL","(TATGGCAC)6→5","yfjL,  yfjM","","","","","intergenic (‑303/+50)","","","","","","","","","","","","","","","","","1.00","1.00","","","","","","",""
"2,788,702","MOB","IS5 (+) +4 bp","ygaQ,  csiD","","","","","intergenic (+53/‑280)","","","","","","","","","","","","","1.00","","","","","","","","","","","",""
"2,804,864","DEL","Δ13 bp","proV","","","","","coding (50‑62/1203 nt)","","","","","1.00","","1.00","","","","","","","","","","","","","","","","1.00","1.00",""
"2,804,926","DEL","(A)6→5","proV","","","","","coding (112/1203 nt)","","","","","","","","","","","","","","","","","","","","","","","","","1.00"
"2,805,532","INS","+T","proV","","","","","coding (718/1203 nt)","","","","1.00","","","","","","","","","","","","","","","","","","","","",""
"2,807,199","DEL","Δ8 bp","proX","","","","","coding (68‑75/993 nt)","","","","","","","","","","","1.00","1.00","","","","","","","","","","","","",""
"2,810,987","MOB","IS1 (–) +9 bp","mprA","","","","","coding (218‑226/531 nt)","","","","","","","","","","","","","","","","","","","","","","","1.00","",""
"2,927,703","SNP","G→A","ygdH,  sdaC","","","","","intergenic (+31/‑526)","","","","","","","","","","","","","","","","","","","","","","","","","1.00"
"3,156,603","SNP","T→C","yqhD,  dkgA","","","","","intergenic (+85/‑20)","","","","","","","","","","","","","","","","","","","","","","1.00","","",""
"3,195,220","MOB","IS186 (–) +4 bp","ibsE,  hldE","","","","","intergenic (+20/+97)","","","","","","","","","","","","1.00","","","","","","","","","","","","",""
"3,236,414","SNP","A→C","ygjP","","","","","D152A (GAC→GCC)","","","","","1.00","","","","","","","","","","","","","","","","","","","",""
"3,263,200","SNP","G→A","tdcD","","","","","A154V (GCT→GTT)","","","","","","","","","","","","","","","","","","","","","","1.00","","",""
"3,328,463","MOB","IS4 (–) +11 bp","greA","","","","","coding (243‑253/477 nt)","","","","1.00","","","","","","","","","","","","","","","","","","","","",""
"3,377,241","INS","(AGCTCACGATCCACCAGGGTC)1→2","sspA","","","","","coding (180/639 nt)","","","","1.00","","","","","","","","","","","","","","","","","","","","",""
"3,377,359","DEL","Δ18 bp","sspA","","","","","coding (45‑62/639 nt)","","","","","","","","","","","","","","1.00","","","","","","","","","","",""
"3,377,491","MOB","IS2 (+) +5 bp","sspA,  rpsI","","","","","intergenic (‑71/+320)","","","","","","","","","","","","","","","1.00","1.00","","","","","","","","",""
"3,378,539","SNP","C→G","rplM","","","","","G38A (GGT→GCT)","","","","","","","","","","","","","","","","","","","","","","1.00","","",""
"3,485,967","SNP","A→G","yhfA,  crp","","","","","intergenic (‑149/‑153)","","","","","","","","","","","","","","","","","","","","","","1.00","","",""
"3,510,180","SNP","T→C","yhfX","","","","","N266S (AAC→AGC)","","","","","","","","","","","","","","","","","","","","","","1.00","","",""
"3,522,182","SNP","C→A","hofM","","","","","T190T (ACG→ACT)","","","","1.00","","","","","","","","","","","","","","","","","","","","",""
"3,583,439","DUP","732 bp x3.3","[yrhA],  insA,  [insB1]","","","","","Duplication","","","","","","","","","","","","1.00","","","","","","","","","","","","",""
"3,583,469","DUP","692 bp x3.3","[yrhA],  insA,  [insB1]","","","","","Duplication","","","","","","1.00","","","","","","","","","","","","","","","","","","",""
"3,583,481","DUP","651 bp x3.2","[yrhA],  insA,  [insB1]","","","","","Duplication","","","","","","","","","","","","","","","","","1.00","","","","","","","",""
"3,583,482","DUP","687 bp x3.4","[yrhA],  insA,  [insB1]","","","","","Duplication","","","","","","","","","","","1.00","","","","","","","","","","","","","",""
"3,634,152","SNP","T→C","yhiL","","","","","pseudogene (307/1194 nt)","","","","","","","","","","","","","","","","","","","","","","1.00","","",""
"3,751,884","MOB","IS5 (+) +4 bp","yiaT,  yiaU","","","","","intergenic (‑16/‑105)","","","","1.00","","","","","","","","","","","","","","","","","","","","",""
"3,779,384","SNP","A→G","lldR","","","","","S111G (AGC→GGC)","","","","","","","","","","","","","","","","","","","","","","1.00","","",""
"3,823,105","SNP","C→A","spoT","","","","","R236S (CGC→AGC)","","","","","","","","","","","","","","","","","1.00","1.00","","","","","","",""
"3,823,106","SNP","G→T","spoT","","","","","R236L (CGC→CTC)","","","","","","","","","","","","","","1.00","1.00","1.00","","","","","","","","",""
"3,823,139","SNP","T→A","spoT","","","","","M247K (ATG→AAG)","","","","","","","","","","","","","","","","","","","1.00","","","","","",""
"3,823,664","SNP","T→C","spoT","","","","","V422A (GTG→GCG)","","1.00","1.00","1.00","","","","","","","","","","","","","","","","","","","","",""
"3,823,724","SNP","C→T","spoT","","","","","T442I (ACC→ATC)","","","","","","","","","","","","","","","","","","","","","","1.00","","",""
"3,823,751","SNP","C→A","spoT","","","","","A451D (GCT→GAT)","","","","","1.00","1.00","1.00","","","","","","","","","","","","","","","","","",""
"3,823,751","SNP","C→T","spoT","","","","","A451V (GCT→GTT)","","","","","","","","","","","","","1.00","","","","","","","","","","","",""
"3,823,759","SNP","A→C","spoT","","","","","N454H (AAT→CAT)","","","","","","","","","","1.00","","","","","","","","","","","","","","",""
"3,823,770","SNP","G→T","spoT","","","","","W457C (TGG→TGT)","","","","","","","","1.00","1.00","","","","","","","","","","","","","","","",""
"3,824,137","SNP","G→T","spoT","","","","","D580Y (GAC→TAC)","","","","","","","","","","","1.00","1.00","","","","","","","","","","","","",""
"3,824,201","DEL","Δ6 bp","spoT","","","","","coding (1802‑1807/2109 nt)","","","","","","","","","","","","","","","","","","","","1.00","1.00","","","",""
"3,931,183","INS","(G)7→8","ravA,  kup","","","","","intergenic (‑90/‑133)","","","","","","","","","","","","","","","","","","","","","","1.00","","",""
"3,943,892","DEL","(G)5→4","rrlC","","","","","noncoding (189/2904 nt)","","","","","","","","","","","","","","","","","","","","","","1.00","","",""
"3,969,051","INS","+G","wzzE","","","","","coding (21/1047 nt)","","","","","","","","","","1.00","","","","","","","","","","","","","","",""
"3,999,387","DEL","Δ1 bp","uvrD","","","","","coding (1405/2163 nt)","","","","","","","","","","","","","","","","","","","","","","1.00","","",""
"4,037,513","SNP","T→C","alaT,  rrlA","","","","","intergenic (+178/‑6)","","","","","","","","","","","","","","","","","","","","","","1.00","","",""
"4,181,852","SNP","A→C","rpoB","","","","","K203T (AAA→ACA)","","","","","","","","","","","","","","1.00","1.00","1.00","","","","","","","","",""
"4,185,540","SNP","C→T","rpoC","","","","","P64L (CCG→CTG)","","","","","","","","","","","","","","","","","","","","","","","1.00","1.00","1.00"
"4,186,605","SNP","A→C","rpoC","()","(RNA polymerase, beta prime subunit)","(GO:0006350 - transcription)","(GO:0005737 - cytoplasm)","H419P (CAC→CCC)","","1.00","1.00","","","","1.00","1.00","1.00","","","","1.00","","","","","","","","","","","",""
"4,219,696","SNP","C→T","aceK","","","","","G367G (GGC→GGT)","","","","","","","","","","","","","","","","","","","","","","1.00","","",""
"4,451,123","SNP","C→A","ytfR","","","","","V22V (GTC→GTA)","","","","","","","","","","","","","","1.00","1.00","1.00","","","","","","","","",""
"4,502,089","DUP","1,425 bp x2.3","insG","","","","","Duplication","","","","1.00","","","","","","","","","","","","","","","","","","","","",""
"4,607,712","SNP","C→T","rsmC,  holD","","","","","intergenic (‑12/‑91)","","","","","","","","","","","","","","","","","","","","","","1.00","","",""