"Position","Mutation Type","Sequence Change","Gene","Function","Product","GO Process","GO Component","Protein change","TOL hexanoic acid A0 F0 I1 R1","TOL hexanoic acid A1 F50 I1 R1","TOL hexanoic acid A1 F50 I2 R1","TOL hexanoic acid A1 F50 I3 R1","TOL hexanoic acid A2 F50 I1 R1","TOL hexanoic acid A2 F50 I2 R1","TOL hexanoic acid A2 F50 I3 R1","TOL hexanoic acid A3 F50 I1 R1","TOL hexanoic acid A3 F50 I2 R1","TOL hexanoic acid A3 F50 I3 R1","TOL hexanoic acid A4 F50 I1 R1","TOL hexanoic acid A4 F50 I2 R1","TOL hexanoic acid A4 F50 I3 R1","TOL hexanoic acid A5 F50 I1 R1","TOL hexanoic acid A5 F50 I2 R1","TOL hexanoic acid A5 F50 I3 R1","TOL hexanoic acid A5 F50 I4 R1","TOL hexanoic acid A6 F50 I1 R1","TOL hexanoic acid A7 F50 I1 R1","TOL hexanoic acid A7 F50 I2 R1","TOL hexanoic acid A7 F50 I3 R1"
"0","DUP","20,532 bp x2.4","thrL,  thrA,  thrB,  thrC,  yaaX,  yaaA,  yaaJ,  talB,  mog,  satP,  yaaW,  yaaI,  dnaK,  dnaJ,  insL1,  mokC,  hokC,  nhaA,  nhaR,  insB1,  insA","","","","","Duplication","","","","","","","","","","","","","","","","","","1.00","","",""
"19,831","DUP","717 bp x3.1","[insB1],  insA","","","","","Duplication","","","","","","","","","","","","","","","","","","","","","1.00"
"99,891","SNP","C→T","murG","","","","","A83V (GCC→GTC)","","","","","","","","","","","","","","","","","","","1.00","1.00","1.00"
"353,944","SNP","T→A","prpE","","","","","G413G (GGT→GGA)","","","","","1.00","1.00","","","","","","","","","","","","","","",""
"542,938","MOB","IS5 (+) +4 bp","glxK","","","","","coding (1051‑1054/1146 nt)","","","","","","","","","","","1.00","","","","","","","","","",""
"563,324","MOB","IS1 (–) +9 bp","[sfmF]","","","","","","","","","","","","","","","","","","","","","","","1.00","","",""
"668,970","DEL","Δ1 bp","rsfS","","","","","coding (67/318 nt)","","","","","","","","","","","","","","","","","","1.00","","",""
"771,258","MOB","IS5 (–) +4 bp","mngB,  cydA","","","","","intergenic (+647/‑197)","","","","","","","","","","","","","","","","","","","1.00","",""
"771,306","MOB","IS5 (–) +4 bp","mngB,  cydA","","","","","intergenic (+695/‑149)","","","","","","","","","","","","","","","","","","","","1.00",""
"809,340","SNP","C→G","bioA,  bioB","","","","","intergenic (‑83/‑4)","","1.00","1.00","1.00","","","","","","","","","","","","","","","","",""
"1,112,435","DEL","(CCGCT)2→1","opgH","","","","","coding (1573‑1577/2544 nt)","","","1.00","","","","","","","","","","","","","","","","","",""
"1,293,124","MOB","IS5 (+) +4 bp","hns,  tdk","","","","","intergenic (‑202/‑400)","","","","","","","","","","","","","","","","","","1.00","","",""
"1,293,196","MOB","IS5 (+) +4 bp","hns,  tdk","","","","","intergenic (‑274/‑328)","","","","","","","","","","","1.00","1.00","1.00","","","","","","","",""
"1,299,499","DEL","Δ1,199 bp","ychE,  oppA","","","","","intergenic (+254/‑485)","","","","","","","","","1.00","","","","","","","","1.00","","1.00","","1.00"
"1,354,687","SNP","C→A","sapB","","","","","V262F (GTT→TTT)","","1.00","1.00","1.00","","","","","","","","","","1.00","","1.00","1.00","","","",""
"1,354,761","SNP","G→T","sapB","","","","","A237E (GCG→GAG)","","","","","","","","","","","","","","","","","","","1.00","1.00","1.00"
"1,356,317","SNP","C→T","sapA","","","","","G265E (GGG→GAG)","","","","","","","","1.00","","","","","","","","","","","","",""
"1,564,102","SNP","T→G","dosP","","","","","L544F (TTA→TTC)","","","","","","","","","","","","1.00","","","","","","","","",""
"1,743,611","SNP","C→A","mdtK","","","","","S52Y (TCT→TAT)","","","","","1.00","1.00","","","","","","","","","","","","","","",""
"1,743,880","MOB","IS1 (–) +9 bp","mdtK","","","","","coding (424‑432/1374 nt)","","","","","","","","1.00","1.00","1.00","","","","","","","","","","",""
"1,744,016","DEL","Δ757 bp","mdtK","","","","","coding (560‑1316/1374 nt)","","","","","","","1.00","","","","","","","","","","","","","",""
"1,744,675","DEL","Δ1 bp","mdtK","","","","","coding (1219/1374 nt)","","","","","","","","","","","","","","1.00","1.00","1.00","1.00","","","",""
"1,756,622","SNP","G→A","pykF","","","","","V309M (GTG→ATG)","","","","","1.00","","","","","","","","","","","","","","","",""
"1,915,293","DEL","Δ5 bp","proQ","","","","","coding (238‑242/699 nt)","","","","","","","","","","","1.00","1.00","","","","","","","","",""
"1,915,353","SNP","A→C","proQ","","","","","L61* (TTA→TGA)","","","","","","","","","","","","","1.00","","","","","","","",""
"2,025,248","INS","+TC","yodD,  yedP","","","","","intergenic (+35/‑263)","","","","","","","","","","","","","","","","","","","1.00","1.00","1.00"
"2,312,877","MOB","IS5 (+) +4 bp","ompC,  rcsD","","","","","intergenic (‑128/‑608)","","","","","","","","","","","","","","","","","","","1.00","1.00","1.00"
"2,312,877","MOB","IS5 (–) +4 bp","ompC,  rcsD","","","","","intergenic (‑128/‑608)","","","","","","","","","","","","","","","","","","1.00","","",""
"2,360,829","SNP","C→A","rhmD","","","","","D196Y (GAT→TAT)","","","","","","","","","","","","","","","","1.00","","","","",""
"2,481,325","SNP","C→A","emrY","","","","","A284A (GCG→GCT)","","","","","","","","","","","","","","","","","","1.00","","",""
"2,764,096","SNP","A→T","yfjL","","","","","I353N (ATC→AAC)","","","","","","","","1.00","1.00","1.00","","","","","","","","","","",""
"2,916,392","DEL","Δ12 bp","barA","","","","","coding (1336‑1347/2757 nt)","","","","","","","","","","","","","","","","","","","1.00","",""
"2,957,831","MOB","IS5 (–) +4 bp","ptrA","","","","","coding (1051‑1054/2889 nt)","","1.00","","","","","","","","","","","","","","","","","","",""
"3,440,212","SNP","T→A","rpoA","","","","","E273V (GAA→GTA)","","1.00","1.00","1.00","","","1.00","1.00","1.00","1.00","","","","","","","","","","",""
"3,440,212","SNP","T→C","rpoA","","","","","E273G (GAA→GGA)","","","","","","","","","","","","","","1.00","1.00","1.00","1.00","","","",""
"3,440,378","SNP","G→T","rpoA","","","","","R218S (CGT→AGT)","","1.00","1.00","1.00","","","","1.00","1.00","1.00","","","","","","","","","","",""
"3,440,923","SNP","C→T","rpoA","","","","","G36D (GGC→GAC)","","","","","","","","","","","1.00","1.00","1.00","","","","","1.00","1.00","1.00","1.00"
"3,440,929","SNP","C→A","rpoA","","","","","G34V (GGC→GTC)","","","","","","","1.00","","","","","","","","","","","","","",""
"3,440,937","INS","(CGCTCT)1→2","rpoA","","","","","coding (93/990 nt)","","","","","","","","","","","","","","1.00","1.00","1.00","1.00","","","",""
"3,536,285","DEL","Δ1 bp","ompR","","","","","coding (300/720 nt)","","","","","1.00","1.00","","","","","","","","","","","","","","",""
"3,536,332","INS","+T","ompR","","","","","coding (253/720 nt)","","","","","","","","","","","1.00","1.00","1.00","","","","","","","",""
"3,583,428","DUP","739 bp x3.1","[yrhA],  insA,  [insB1]","","","","","Duplication","","","","","","","","","","","","","","","","","","","","","1.00"
"3,583,460","DUP","723 bp x4.2","[yrhA],  insA,  insB1","","","","","Duplication","","","","","","","","","","","","","","","","","","1.00","","",""
"3,698,818","DUP","150,236 bp x2.5","[bcsG],  ldrD,  yhjV,  dppF,  dppD,  dppC,  dppB,  dppA,  eptB,  yhjX,  yhjY,  tag,  yiaC,  bisC,  yiaD,  ghrB,  yiaF,  yiaG,  cspA,  mokA,  hokA,  insJ,  insK,  glyS,  glyQ,  ysaB,  wecH,  yiaA,  yiaB,  xylB,  xylA,  xylF,  xylG,  xylH,  xylR,  bax,  malS,  avtA,  ysaA,  yiaJ,  yiaK,  yiaL,  yiaM,  yiaN,  yiaO,  lyxK,  sgbH,  sgbU,  sgbE,  ysaC,  ysaD,  yiaT,  yiaU,  yiaV,  yiaW,  aldB,  yiaY,  selB,  selA,  yibF,  rhsA,  yibA,  rhsJ,  yibG,  yibS,  yibW,  yibV,  yibU,  yibH,  yibI,  mtlA,  mtlD,  mtlR,  yibT,  yibL,  lldP,  lldR,  lldD,  trmL,  cysE,  gpsA,  secB,  grxC,  yibN,  gpmM,  envC,  yibQ,  waaH,  tdh,  kbl,  yibB,  hldD,  waaF,  waaC,  waaL,  waaU,  waaZ,  waaY,  waaR,  waaO,  waaB,  waaS,  waaP,  waaG,  waaQ,  waaA,  coaD,  mutM,  rpmG,  rpmB,  yicR,  dfp,  dut,  slmA,  pyrE,  rph,  yicC,  dinD,  yicG,  ligB,  gmk,  rpoZ,  spoT,  trmH,  recG,  gltS,  xanP,  yicH,  yicI,  yicJ,  yicT,  setC,  yicL,  nlpA,  yicS,  nepI,  yicN,  adeQ,  adeD,  uhpT,  uhpC,  [uhpB]","","","","","Duplication","","","","","","1.00","","","","","","","","","","","","","","",""
"3,698,818","DUP","70,454 bp x2.7","[bcsG],  ldrD,  yhjV,  dppF,  dppD,  dppC,  dppB,  dppA,  eptB,  yhjX,  yhjY,  tag,  yiaC,  bisC,  yiaD,  ghrB,  yiaF,  yiaG,  cspA,  mokA,  hokA,  insJ,  insK,  glyS,  glyQ,  ysaB,  wecH,  yiaA,  yiaB,  xylB,  xylA,  xylF,  xylG,  xylH,  xylR,  bax,  malS,  avtA,  ysaA,  yiaJ,  yiaK,  yiaL,  yiaM,  yiaN,  yiaO,  lyxK,  sgbH,  sgbU,  sgbE,  ysaC,  ysaD,  yiaT,  yiaU,  yiaV,  yiaW,  aldB,  yiaY,  selB,  selA,  yibF,  rhsA,  yibA,  rhsJ,  yibG,  yibS,  yibW","","","","","Duplication","","","","","1.00","","","","","","","","","","","","","","","",""
"3,770,180","DUP","22,596 bp x2.7","yibH,  yibI,  mtlA,  mtlD,  mtlR,  yibT,  yibL,  lldP,  lldR,  lldD,  trmL,  cysE,  gpsA,  secB,  grxC,  yibN,  gpmM,  envC,  yibQ,  waaH,  tdh,  kbl","","","","","Duplication","","","","","1.00","","","","","","","","","","","","","","","",""
"3,793,824","DUP","3,089 bp x2.6","hldD,  waaF,  [waaC]","","","","","Duplication","","","","","1.00","","","","","","","","","","","","","","","",""
"3,805,381","DUP","43,673 bp x2.7","[waaP],  waaG,  waaQ,  waaA,  coaD,  mutM,  rpmG,  rpmB,  yicR,  dfp,  dut,  slmA,  pyrE,  rph,  yicC,  dinD,  yicG,  ligB,  gmk,  rpoZ,  spoT,  trmH,  recG,  gltS,  xanP,  yicH,  yicI,  yicJ,  yicT,  setC,  yicL,  nlpA,  yicS,  nepI,  yicN,  adeQ,  adeD,  uhpT,  uhpC,  [uhpB]","","","","","Duplication","","","","","1.00","","","","","","","","","","","","","","","",""
"4,178,397","DUP","1,955 bp x2.0","rplK,  rplA,  [rplJ]","","","","","Duplication","","","","","","","","","","","","","","","","","1.00","","","",""
"4,182,358","SNP","C→T","rpoB","","","","","P372S (CCT→TCT)","","","","","","","","","","","","","","","","","","1.00","","",""
"4,185,540","SNP","C→T","rpoC","","","","","P64L (CCG→CTG)","","1.00","1.00","1.00","","","","1.00","1.00","1.00","","","","","","","","","","",""
"4,187,619","SNP","C→T","rpoC","","","","","T757M (ACG→ATG)","","","","","","","","","","","","","","","","","","","","","1.00"
"4,190,237","DUP","1,892 bp x2.0","[yjaZ],  thiH,  [thiG]","","","","","Duplication","","","","","","","","","","","","","","","","","1.00","","","",""
"4,196,286","DUP","603 bp x2.1","rsd","","","","","Duplication","","","","","","","","","","","","","","","","","1.00","","","",""
"4,198,433","DUP","1,412 bp x2.1","[hemE],  nfi,  [yjaG]","","","","","Duplication","","","","","","","","","","","","","","","","","1.00","","","",""
"4,635,407","DUP","5,719 bp x2.2","creA,  creB,  creC,  creD,  arcA,  yjjY,  [yjtD]","","","","","Duplication","","","","","","","","","","","","","","","","","","1.00","","",""