"Position","Mutation Type","Sequence Change","Gene","Function","Product","GO Process","GO Component","Protein change","TOL hexamethylenediamine A0 F0 I1 R1","TOL hexamethylenediamine A1 F50 I1 R1","TOL hexamethylenediamine A2 F50 I1 R1","TOL hexamethylenediamine A2 F50 I2 R1","TOL hexamethylenediamine A3 F50 I1 R1","TOL hexamethylenediamine A3 F50 I2 R1","TOL hexamethylenediamine A3 F50 I3 R1","TOL hexamethylenediamine A4 F50 I1 R1","TOL hexamethylenediamine A4 F50 I2 R1","TOL hexamethylenediamine A4 F50 I3 R1","TOL hexamethylenediamine A5 F50 I1 R1","TOL hexamethylenediamine A5 F50 I2 R1","TOL hexamethylenediamine A5 F50 I3 R1","TOL hexamethylenediamine A6 F50 I1 R1","TOL hexamethylenediamine A6 F50 I2 R1","TOL hexamethylenediamine A7 F50 I1 R1","TOL hexamethylenediamine A7 F50 I2 R1","TOL hexamethylenediamine A7 F50 I3 R1","TOL hexamethylenediamine A8 F50 I1 R1","TOL hexamethylenediamine A8 F50 I2 R1","TOL hexamethylenediamine A8 F50 I3 R1"
"7,618","SNP","T→G","yaaJ","","","","","Q114H (CAA→CAC)","","","","","","","","","","","","","","","1.00","","","","","",""
"11,664","SNP","A→C","yaaI","","","","","D41E (GAT→GAG)","","","","","","","","","","","","","","1.00","1.00","","","","","",""
"19,817","DUP","706 bp x4.1","[insB1],  insA","","","","","Duplication","","","","","","","","","","","1.00","","","","","","","","","",""
"19,821","DUP","692 bp x4.2","[insB1],  insA","","","","","Duplication","","","","","","","","","","","","1.00","","","","","","","","",""
"19,836","DUP","688 bp x3.3","[insB1],  insA","","","","","Duplication","","","","","","","","1.00","","","","","","","","","","","","",""
"19,838","DUP","678 bp x3.3","[insB1],  insA","","","","","Duplication","","","","1.00","","","","","","","","","","","","","","","","",""
"19,839","DUP","678 bp x3.0","[insB1],  insA","","","","","Duplication","","","","","","1.00","","","","","","","","","","","","","","",""
"52,332","SNP","A→C","rsmA","","","","","I33M (ATT→ATG)","","","","","","","","","","","","","","1.00","1.00","","","","","",""
"67,483","SNP","C→T","araA","","","","","L285L (CTG→CTA)","","","","","","","","","","1.00","","","","","","","","","","",""
"82,372","SNP","T→C","leuA","","","","","E386E (GAA→GAG)","","","","","","","","1.00","1.00","1.00","","","","","","","","","","",""
"83,066","SNP","A→C","leuA","","","","","V155G (GTC→GGC)","","","","","","","","","","","","","","1.00","1.00","","","","","",""
"111,300","SNP","T→C","mutT","","","","","L86P (CTG→CCG)","","","","","","","","","","","","","","1.00","1.00","","","","","",""
"112,052","SNP","T→G","zapD","","","","","K183T (AAA→ACA)","","","","","","","","","","","","","","1.00","1.00","","","","","",""
"146,566","SNP","G→A","panD","","","","","A43A (GCC→GCT)","","","","","","","","1.00","","","","","","","","","","","","",""
"156,869","SNP","T→G","yadN","","","","","L5F (TTA→TTC)","","","","","","","","","","","","","","1.00","1.00","","","","","",""
"206,330","SNP","T→G","dnaE","","","","","F402C (TTC→TGC)","","","","","","","","","","","","","","1.00","1.00","","","","","",""
"257,250","SNP","A→C","frsA","","","","","T242P (ACC→CCC)","","","","","","","","","","","","","","1.00","","","","","","",""
"301,521","SNP","A→C","paoB","","","","","Y123D (TAC→GAC)","","","","","","","","","","","","","","1.00","1.00","","","","","",""
"358,399","SNP","T→G","cynR","","","","","T98P (ACC→CCC)","","","","","","","","","","","","","","","","","","","1.00","",""
"367,852","DEL","(GC)6→5","mhpR","","","","","coding (568‑569/834 nt)","","","","","","","","","","1.00","","","","","","","","","","",""
"380,022","INS","(G)10→11","frmR,  yaiO","","","","","intergenic (‑141/+47)","","","","","","","","1.00","","","","","","","","","","","","",""
"403,627","SNP","T→G","psiF,  yaiC","","","","","intergenic (+26/‑76)","","","","","","","","","","","","","","","1.00","","","","","",""
"430,137","SNP","T→G","secF","","","","","L211L (CTT→CTG)","","","","","","","","","","","","","","","1.00","","","","","",""
"436,419","SNP","T→C","thiL","","","","","G262G (GGT→GGC)","","","","","","","","","1.00","","","","","","","","","","","",""
"457,616","SNP","T→G","clpX","","","","","L64R (CTA→CGA)","","","","","","","","","","","","","","1.00","1.00","","","","","",""
"473,636","SNP","T→G","amtB","","","","","F224C (TTC→TGC)","","","","","","","","","","","","","","1.00","","","","","","",""
"511,572","SNP","A→C","copA,  glsA","","","","","intergenic (‑193/‑69)","","","","","","","","","","","","","","1.00","1.00","","","","","",""
"569,541","DEL","Δ1 bp","ybcK","","","","","coding (640/1527 nt)","","","","","","","","1.00","","","","","","","","","","","","",""
"587,023","SNP","A→C","envY,  ybcH","","","","","intergenic (‑115/+68)","","","","","","","","","","","","","","1.00","1.00","","","","","",""
"622,725","SNP","A→C","entS","","","","","E142D (GAA→GAC)","","","","","","","","","","","","","","1.00","1.00","","","","","",""
"656,251","SNP","C→T","dcuC,  pagP","","","","","intergenic (‑283/‑306)","","","","","","","","1.00","","","","","","","","","","","","",""
"679,800","SNP","A→C","ybeU","","","","","Y98S (TAT→TCT)","","","","","","","","","","","","","","1.00","1.00","","","","","",""
"691,321","SNP","A→T","ybeX","","","","","L155Q (CTG→CAG)","","","","","","","","","","","","1.00","","","","","","","","",""
"691,774","DEL","Δ12 bp","[ybeX]","","","","","","","","","","","1.00","","","","","","","","","","","","","","",""
"700,602","MOB","IS1 (+) +9 bp","nagC","","","","","coding (985‑993/1221 nt)","","","","","","","","","","","1.00","1.00","","","","","","","","",""
"700,980","SNP","G→C","nagC","","","","","Y205* (TAC→TAG)","","","","","","","","","","","","","","","","","","","1.00","1.00","1.00"
"701,405","SNP","C→A","nagC","","","","","E64* (GAA→TAA)","","","","","","1.00","","","","","","","","","","","","","","",""
"701,839","SNP","T→G","nagA","","","","","T305P (ACG→CCG)","","","","","","","","","","","","","","1.00","1.00","","","","","",""
"702,597","INS","(G)5→6","nagA","","","","","coding (155/1149 nt)","","","","","1.00","","1.00","","","","","","","","","","","","","",""
"757,037","SNP","T→C","sdhA","","","","","D377D (GAT→GAC)","","","","","","","","","","1.00","","","","","","","","","","",""
"758,662","SNP","A→C","sdhB,  sucA","","","","","intergenic (+257/‑44)","","","","","","","","","","","","","","1.00","1.00","","","","","",""
"798,070","SNP","A→C","ybhA","","","","","V121G (GTC→GGC)","","","","","","","","","","","","","","1.00","1.00","","","","","",""
"809,038","SNP","C→T","bioA","","","","","A74T (GCC→ACC)","","","","","","","","1.00","1.00","1.00","","","","","","","","","","",""
"815,771","SNP","C→T","ybhK","","","","","A293T (GCG→ACG)","","","","","","","","","1.00","","","","","","","","","","","",""
"903,504","SNP","A→C","artP","","","","","I77M (ATT→ATG)","","","","","","","","","","","","","","1.00","","","","","","",""
"927,371","SNP","C→T","aat","","","","","R21H (CGT→CAT)","","","","","","","","","1.00","","","","","","","","","","","",""
"940,856","SNP","A→G","serS,  dmsA","","","","","intergenic (+136/‑103)","","","","","","","","","","1.00","","","","","","","","","","",""
"962,923","SNP","A→G","rpsA","","","","","D310G (GAC→GGC)","","","","","","","","1.00","1.00","1.00","","","","","","","","","","",""
"962,939","SNP","C→A","rpsA","","","","","N315K (AAC→AAA)","","1.00","","","","","","","","","","","","","","","","","","",""
"963,273","SUB","3 bp→CGT","rpsA","","","","","coding (1279‑1281/1674 nt)","","","1.00","1.00","","","","","","","","","","","","","","","","",""
"977,748","SNP","T→G","mukB","","","","","F475V (TTT→GTT)","","","","","","","","","","","","","","1.00","1.00","","","","","",""
"990,447","SNP","A→C","pncB,  pepN","","","","","intergenic (‑91/‑175)","","","","","","","","","","","","","","","1.00","","","","","",""
"1,027,735","SNP","A→G","yccT","","","","","C13C (TGT→TGC)","","","","","","","","","1.00","","","","","","","","","","","",""
"1,040,032","SNP","T→G","cbdB","","","","","L246R (CTG→CGG)","","","","","","","","","","","","","","1.00","1.00","","","","","",""
"1,113,464","SNP","T→G","opgH,  yceK","","","","","intergenic (+58/‑115)","","","","","","","","","","","","","","1.00","1.00","","","","","",""
"1,133,542","SNP","A→C","flgE","","","","","E323D (GAA→GAC)","","","","","","","","","","","","","","1.00","","","","","","",""
"1,188,512","SNP","A→C","phoQ","","","","","L422* (TTA→TGA)","","","","","","","","","","","","","","1.00","1.00","","","","","",""
"1,196,220","SNP","C→T","icd","()","()","()","(GO:0005737 - cytoplasm)","H366H (CAC→CAT)","","","","","","","","","","","","","","1.00","1.00","","","","","",""
"1,196,232","SNP","C→T","icd","()","()","()","(GO:0005737 - cytoplasm)","T370T (ACC→ACT)","","","","","","","","","","","","","","1.00","1.00","","","","","",""
"1,196,245","SNP","T→C","icd","()","()","()","(GO:0005737 - cytoplasm)","L375L (TTA→CTA)","","","","","","","","","","","","","","1.00","1.00","","","","","",""
"1,196,247","SNP","A→G","icd","()","()","()","(GO:0005737 - cytoplasm)","L375L (TTA→TTG)","","","","","","","","","","","","","","1.00","1.00","","","","","",""
"1,198,201","SNP","C→T","ymfE","","","","","E13K (GAA→AAA)","","","","","","","","1.00","1.00","1.00","","","","","","","","","","",""
"1,219,569","SNP","G→A","ymgF,  ycgH","","","","","intergenic (+368/‑32)","","","","","","","","","1.00","","","","","","","","","","","",""
"1,221,238","SNP","T→G","ycgH","","","","","pseudogene (1638/2574 nt)","","","","","","","","","","","","","","1.00","1.00","","","","","",""
"1,238,213","SNP","G→C","dadA","","","","","G215R (GGG→CGG)","","","","","","","","1.00","","","","","","","","","","","","",""
"1,299,499","DEL","Δ1,199 bp","ychE,  oppA","","","","","intergenic (+254/‑485)","","","","","","","","","","","","","","","1.00","","","","","",""
"1,335,050","SNP","T→G","cysB,  ymiA","","","","","intergenic (+221/‑74)","","","","","","","","","","","","","","1.00","1.00","","","","","",""
"1,348,890","SNP","A→C","rnb","","","","","L8R (CTA→CGA)","","","","","","","","","","","","","","1.00","","","","","","",""
"1,349,856","SNP","T→C","yciW","","","","","E84E (GAA→GAG)","","","","","","","","1.00","1.00","1.00","","","","","","","","","","",""
"1,353,128","SNP","C→A","sapD","","","","","V167V (GTG→GTT)","","","","","","","","","","","","","","1.00","1.00","","","","","",""
"1,363,075","SNP","A→G","puuC","","","","","K111K (AAA→AAG)","","","","","","","","","1.00","","","","","","","","","","","",""
"1,367,147","SNP","T→G","pspF","","","","","K256Q (AAA→CAA)","","","","","","","","","","","","","","1.00","1.00","","","","","",""
"1,426,023","SNP","A→G","ydaY","","","","","pseudogene (394/453 nt)","","","","","","","","","","1.00","","","","","","","","","","",""
"1,440,960","SNP","A→C","pfo,  ydbJ","","","","","intergenic (‑176/‑98)","","","","","","","","","","","","","","1.00","","","","","","",""
"1,459,435","SNP","A→C","paaH","","","","","I128L (ATT→CTT)","","","","","","","","","","","","","","1.00","1.00","","","","","",""
"1,474,862","SNP","C→G","ydbC","","","","","G214G (GGC→GGG)","","","","","","","","1.00","","","","","","","","","","","","",""
"1,488,624","SNP","T→C","aldA","","","","","R131R (CGT→CGC)","","","","","","","","1.00","1.00","1.00","","","","","","","","","","",""
"1,500,389","DEL","(T)8→7","ydcK","","","","","coding (61/981 nt)","","","","","","","","","","1.00","","","","","","","","","","",""
"1,510,771","SNP","T→G","ydcR","","","","","L257V (TTA→GTA)","","","","","","","","","","","","","","","1.00","","","","","",""
"1,526,968","SNP","T→G","yncH","","","","","L10R (CTC→CGC)","","","","","","","","","","","","","","1.00","1.00","","","","","",""
"1,594,132","INS","(C)8→9","yneO","","","","","pseudogene (3856/3861 nt)","","","","","","","","1.00","","","","","","","","","","","","",""
"1,637,726","DEL","(T)8→7","gnsB","","","","","coding (57/174 nt)","","","","","","","","","","","","","","1.00","","","","","","",""
"1,641,252","SNP","T→C","essQ,  cspB","","","","","intergenic (‑667/+87)","","","","","","","","1.00","","","","","","","","","","","","",""
"1,643,723","SNP","T→C","ydfU","","","","","K194K (AAA→AAG)","","","","","","","","1.00","","","","","","","","","","","","",""
"1,666,363","SNP","T→G","clcB","","","","","I350S (ATT→AGT)","","","","","","","","","","","","","","1.00","1.00","","","","","",""
"1,671,752","SNP","A→G","asr,  ydgU","","","","","intergenic (+68/‑25)","","","","","","","","1.00","","","","","","","","","","","","",""
"1,698,747","SNP","A→C","malI","","","","","I145S (ATC→AGC)","","","","","","","","","","","","","","1.00","1.00","","","","","",""
"1,703,763","SNP","A→C","ydgJ","","","","","L182L (CTT→CTG)","","","","","","","","","","","","","","1.00","1.00","","","","","",""
"1,704,875","SNP","G→A","blr,  cnu","","","","","intergenic (+199/‑74)","","","","","","","","","1.00","","","","","","","","","","","",""
"1,719,444","SNP","C→T","anmK","","","","","Q53Q (CAG→CAA)","","","","","","","","1.00","","","","","","","","","","","","",""
"1,724,722","SNP","A→C","sodC,  ydhF","","","","","intergenic (‑67/+14)","","","","","","","","","","","","","","1.00","1.00","","","","","",""
"1,728,512","SNP","A→C","rnt","","","","","T56P (ACC→CCC)","","","","","","","","","","","","","","","","","","","1.00","1.00","1.00"
"1,729,289","SNP","G→A","lhr","","","","","R68Q (CGG→CAG)","","","","","","","","1.00","","","","","","","","","","","","",""
"1,732,811","SNP","G→T","lhr","","","","","S1242I (AGC→ATC)","","","","","","","","","","","","","","","","","","","1.00","1.00","1.00"
"1,736,425","SNP","T→G","ydhP","","","","","N289T (AAT→ACT)","","","","","","","","","","","","","","1.00","1.00","","","","","",""
"1,744,313","SNP","T→A","mdtK","","","","","V286E (GTG→GAG)","","","","","","","","","","","","","","","","","","","1.00","1.00","1.00"
"1,785,280","SNP","G→A","ppsA","","","","","G611G (GGC→GGT)","","","","","","","","","1.00","","","","","","","","","","","",""
"1,785,500","INS","+T","ppsA","","","","","coding (1613/2379 nt)","","","","","","","","","","1.00","","","","","","","","","","",""
"1,814,762","SNP","A→C","katE","","","","","K299T (AAA→ACA)","","","","","","","","","","","","","","1.00","1.00","","","","","",""
"1,817,424","SNP","A→G","chbF","","","","","C359C (TGT→TGC)","","","","","","","","1.00","","","","","","","","","","","","",""
"1,840,197","SNP","T→G","ynjE","","","","","L244R (CTT→CGT)","","","","","","","","","","","","","","1.00","","","","","","",""
"1,842,587","SNP","C→T","gdhA","","","","","Q73* (CAG→TAG)","","","","","","","","1.00","","","","","","","","","","","","",""
"1,912,482","DEL","Δ2 bp","htpX","","","","","coding (94‑95/882 nt)","","","","","","","","","1.00","","","","","","","","","","","",""
"1,953,212","SNP","G→A","cmoA","","","","","A171T (GCC→ACC)","","","","","","","","1.00","1.00","1.00","","","","","","","","","","",""
"1,987,693","SNP","G→A","yecJ","","","","","I22I (ATC→ATT)","","","","","","","","","1.00","","","","","","","","","","","",""
"2,096,825","SNP","T→C","hisI","","","","","F71S (TTC→TCC)","","","","","","","","","","1.00","","","","","","","","","","",""
"2,104,077","DEL","(T)8→7","wbbK","","","","","coding (433/1119 nt)","","","","","","","","","","","","","","","","1.00","","1.00","","",""
"2,177,307","MOB","IS1 (+) +9 bp","gatY,  fbaB","","","","","intergenic (‑103/+197)","","","","","","","1.00","","","","","","","","","","","","","",""
"2,181,988","SNP","G→A","yegV","","","","","W298* (TGG→TAG)","","","","","","","","1.00","1.00","1.00","","","","","","","","","","",""
"2,231,778","SNP","G→T","yohK,  cdd","","","","","intergenic (+64/‑66)","","","","","","","","","1.00","","","","","","","","","","","",""
"2,320,618","SNP","T→G","atoS","","","","","I192M (ATT→ATG)","","","","","","","","","","","","","","","1.00","","","","","",""
"2,369,371","SNP","G→A","arnA","","","","","D445N (GAT→AAT)","","","","","","","","1.00","1.00","1.00","","","","","","","","","","",""
"2,421,749","SNP","C→T","yfcH","","","","","R14R (CGC→CGT)","","","","","","","","","1.00","","","","","","","","","","","",""
"2,461,315","SNP","A→C","fadL","","","","","K4Q (AAA→CAA)","","","","","","","","","","","","","","","1.00","","","","","",""
"2,493,798","SNP","A→G","yfdX","","","","","I202T (ATC→ACC)","","","","","","","","","1.00","","","","","","","","","","","",""
"2,509,609","SNP","A→C","glk,  yfeO","","","","","intergenic (‑183/‑21)","","","","","","","","1.00","","","","","","","","","","","","",""
"2,522,653","SNP","G→A","xapR,  xapB","","","","","intergenic (‑176/+76)","","","","","","","","","","","","","","","","","","","1.00","",""
"2,524,685","SNP","T→A","xapA","","","","","H65L (CAT→CTT)","","","","","","","","","","1.00","","","","","","","","","","",""
"2,619,803","SNP","A→G","uraA","","","","","F120L (TTT→CTT)","","","","","","","","1.00","1.00","1.00","","","","","","","","","","",""
"2,673,499","SNP","C→T","yphA","","","","","P52S (CCA→TCA)","","","","","","","","","","1.00","","","","","","","","","","",""
"2,682,157","INS","(C)7→8","yphG","","","","","coding (589/3282 nt)","","","","","","","","","1.00","","","","","","","","","","","",""
"2,694,102","SNP","C→A","purL","","","","","C481F (TGC→TTC)","","1.00","","","","","","","","","","","","","","","","","","",""
"2,798,597","MOB","IS1 (+) +9 bp","stpA,  alaE","","","","","intergenic (‑102/‑559)","","","","","","","","","","","","","1.00","","","","","","","",""
"2,804,835","DEL","Δ7 bp","proV","","","","","coding (21‑27/1203 nt)","","","","","","","","","","","","","","1.00","1.00","","","","","",""
"2,804,836","MOB","IS1 (+) +9 bp","proV","","","","","coding (22‑30/1203 nt)","","","1.00","1.00","","","","","","","","","","","","","","","","",""
"2,804,864","DEL","Δ13 bp","proV","","","","","coding (50‑62/1203 nt)","","1.00","","","","","","","","","","","","","","","","","1.00","1.00","1.00"
"2,805,832","MOB","IS1 (–) +9 bp","proV","","","","","coding (1018‑1026/1203 nt)","","","","","","","","1.00","1.00","1.00","","","","","","","","","","",""
"2,823,793","SNP","A→C","recA,  pncC","","","","","intergenic (‑24/+56)","","","","","","","","","","","","","","","1.00","","","","","",""
"2,839,302","SNP","T→C","ascG,  ascF","","","","","intergenic (‑38/‑222)","","","","","","","","","1.00","","","","","","","","","","","",""
"2,843,150","SNP","G→A","hycH","","","","","A99A (GCC→GCT)","","","","","","","","","1.00","","","","","","","","","","","",""
"2,843,719","SNP","C→T","hycG","","","","","E164E (GAG→GAA)","","","","","","","","","1.00","","","","","","","","","","","",""
"2,850,439","SNP","C→T","hycA,  hypA","","","","","intergenic (‑4/‑208)","","","","","","","","","","1.00","","","","","","","","","","",""
"2,859,224","INS","(GGCGTG)2→3","mutS","","","","","coding (2132/2562 nt)","","","","","","","","1.00","1.00","1.00","","","","","","","","","","",""
"2,860,556","SNP","G→A","ygbI","","","","","Q227* (CAG→TAG)","","","","","","","","","","1.00","","","","","","","","","","",""
"2,879,197","SNP","T→G","ygbT","","","","","E192D (GAA→GAC)","","","","","","","","","","","","","","1.00","1.00","","","","","",""
"2,879,763","SNP","G→A","ygbT","","","","","L4F (CTT→TTT)","","","","","","1.00","","","","","","","","","","","","","","",""
"2,894,532","SNP","T→G","ygcP","","","","","S113A (TCA→GCA)","","","","","","","","","","","","","","1.00","1.00","","","","","",""
"2,904,323","SNP","T→G","ygcE,  queE","","","","","intergenic (+949/+424)","","","","","","","","","","","","","","1.00","","","","","","",""
"2,924,700","SNP","T→G","yqcC,  syd","","","","","intergenic (‑587/+35)","","","","","","","","","","","","","","1.00","1.00","","","","","",""
"2,926,997","SNP","C→T","ygdH","","","","","N230N (AAC→AAT)","","","","","","","","","1.00","","","","","","","","","","","",""
"2,955,480","SNP","A→C","recB","","","","","L175R (CTG→CGG)","","","","","","","","","","","","","","1.00","1.00","","","","","",""
"2,964,902","SNP","T→G","thyA","","","","","D85A (GAT→GCT)","","","","","","","","","","","","","","1.00","1.00","","","","","",""
"2,965,974","SNP","C→T","lgt","","","","","A22T (GCG→ACG)","","","","","","","","","1.00","","","","","","","","","","","",""
"2,966,573","SNP","T→G","ptsP","","","","","D621A (GAT→GCT)","","","","","","","","","","","1.00","1.00","1.00","","","","","","","",""
"2,968,163","DEL","Δ1 bp","ptsP","","","","","coding (272/2247 nt)","","","1.00","1.00","","","","","","","","","","","","","","","","",""
"2,991,218","SNP","A→G","ygeF,  ygeG","","","","","intergenic (+175/‑50)","","","","","","1.00","","","","","","","","","","","","","","",""
"3,016,617","SNP","G→A","ygfK","","","","","L186L (CTG→CTA)","","","","","","","","1.00","1.00","1.00","","","","","","","","","","",""
"3,035,568","SNP","A→C","prfB","","","","","D213E (GAT→GAG)","","","","","","","","","","","","","","1.00","1.00","","","","","",""
"3,057,347","SNP","T→C","serA","","","","","N355S (AAC→AGC)","","","","","","","","","1.00","","","","","","","","","","","",""
"3,084,656","SNP","T→G","speA","","","","","E419A (GAA→GCA)","","","","","","","","","","","","","","1.00","1.00","","","","","",""
"3,104,042","SNP","T→G","mutY","","","","","L344V (TTA→GTA)","","","","","","","","","","","","","","","1.00","","","","","",""
"3,111,465","SNP","A→C","yghE","","","","","pseudogene (626/963 nt)","","","","","","","","","","","","","","1.00","","","","","","",""
"3,125,147","SNP","T→G","glcF","","","","","K105Q (AAA→CAA)","","","","","","","","","","","","","","","1.00","","","","","",""
"3,174,815","SNP","C→T","parE","","","","","L194L (TTG→TTA)","","","","","","","","","","1.00","","","","","","","","","","",""
"3,181,413","SNP","A→C","ygiC","","","","","E331D (GAA→GAC)","","","","","","","","","","","","","","","1.00","","","","","",""
"3,182,139","SNP","T→G","ygiD","","","","","Q90P (CAG→CCG)","","","","","","","","","","","","","","1.00","1.00","","","","","",""
"3,213,290","SNP","C→A","rpoD","","","","","Q82K (CAG→AAG)","","","","","","","","","","","","","","1.00","1.00","","","","","",""
"3,214,148","SNP","G→A","rpoD","","","","","G368S (GGT→AGT)","","","","","","","","1.00","","","","","","","","","","","","",""
"3,219,912","SNP","A→C","patA","","","","","K140T (AAA→ACA)","","","","","","","","","","","","","","1.00","1.00","","","","","",""
"3,226,782","SNP","C→T","ygjI","","","","","D183D (GAC→GAT)","","","","","","","","","","1.00","","","","","","","","","","",""
"3,235,823","SNP","G→A","rlmG","","","","","A18V (GCG→GTG)","","","","","","","","","","1.00","","","","","","","","","","",""
"3,239,097","SNP","T→G","alx","","","","","L173R (CTG→CGG)","","","","","","","","","","","","","","1.00","1.00","","","","","",""
"3,247,589","SNP","T→G","exuR,  yqjA","","","","","intergenic (+161/‑184)","","","","","","","","","","","","","","1.00","","","","","","",""
"3,271,629","SNP","T→C","garK","","","","","T48A (ACG→GCG)","","","","","","","","","","1.00","","","","","","","","","","",""
"3,281,717","SNP","A→C","agaA,  agaS","","","","","intergenic (+92/‑259)","","","","","","","","","","","","","","1.00","1.00","","","","","",""
"3,291,373","SNP","G→A","yraK","","","","","L11L (TTG→TTA)","","","","","","","","1.00","1.00","1.00","","","","","","","","","","",""
"3,310,266","SNP","C→A","pnp","","","","","E301D (GAG→GAT)","","","","","","","","","","","1.00","","","","","","","","","",""
"3,317,072","SNP","A→C","nusA","","","","","L152R (CTG→CGG)","","","","","","","","","","","","","","","","1.00","1.00","1.00","","",""
"3,331,811","SNP","T→G","yhbE","","","","","K309Q (AAG→CAG)","","","","","","","","","","","","","","1.00","1.00","","","","","",""
"3,348,462","SNP","T→G","yrbL","","","","","L4* (TTA→TGA)","","","","","","","","","","","","","","1.00","1.00","","","","","",""
"3,349,078","SNP","A→C","yrbL","","","","","E209D (GAA→GAC)","","","","","","","","","","","","","","1.00","1.00","","","","","",""
"3,377,173","SNP","A→C","sspA","","","","","F83C (TTC→TGC)","","","","","","","","","","","","","","","","1.00","1.00","1.00","","",""
"3,400,966","SNP","A→C","mreB","","","","","I41S (ATT→AGT)","","","","","","","","","","","","","","1.00","1.00","","","","","",""
"3,436,622","SNP","T→C","trkA","","","","","R35R (CGT→CGC)","","","","","","","","1.00","","","","","","","","","","","","",""
"3,473,612","SNP","A→C","rpsG","()","(30S ribosomal subunit protein S7)","(GO:0006412 - translation)","(GO:0005737 - cytoplasm)","L157* (TTA→TGA)","","","","","","","","","","","","","","","","1.00","1.00","1.00","","",""
"3,511,718","SNP","T→G","yhfZ","","","","","R209R (CGA→CGC)","","","","","","","","","","","","","","","1.00","","","","","",""
"3,576,956","SNP","A→G","gntU","","","","","S36P (TCC→CCC)","","","","","","","","","","1.00","","","","","","","","","","",""
"3,579,268","SNP","A→C","yhhW","","","","","I126M (ATT→ATG)","","","","","","","","","","","","","","","1.00","","","","","",""
"3,582,141","SNP","T→G","yhhZ","","","","","N93K (AAT→AAG)","","","","","","","","","","","","","","1.00","1.00","","","","","",""
"3,583,457","DUP","717 bp x3.2","[yrhA],  insA,  [insB1]","","","","","Duplication","","","","","","","","1.00","","","","","","","","","","","","",""
"3,583,465","DUP","704 bp x4.1","[yrhA],  insA,  [insB1]","","","","","Duplication","","","","","","","","","","","1.00","","","","","","","","","",""
"3,583,468","DUP","703 bp x4.2","[yrhA],  insA,  [insB1]","","","","","Duplication","","","","","","","","","","","","1.00","","","","","","","","",""
"3,583,474","DUP","691 bp x3.0","[yrhA],  insA,  [insB1]","","","","","Duplication","","","","","","1.00","","","","","","","","","","","","","","",""
"3,583,475","DUP","686 bp x4.1","[yrhA],  insA,  [insB1]","","","","","Duplication","","","","","","","1.00","","","","","","","","","","","","","",""
"3,583,478","DUP","671 bp x3.2","[yrhA],  insA,  [insB1]","","","","","Duplication","","","1.00","","","","","","","","","","","","","","","","","",""
"3,584,367","SNP","C→T","yrhA,  yrhB","","","","","intergenic (+58/‑392)","","","","","","","","1.00","","","","","","","","","","","","",""
"3,614,957","SNP","A→C","nikA","","","","","S431R (AGT→CGT)","","","","","","","","","","","","","","1.00","","","","","","",""
"3,619,332","DUP","6,254 bp x2.5","[rhsB],  yhhH,  yrhC,  yhhI","","","","","Duplication","","","","","","","","","1.00","","","","","","","","","","","",""
"3,624,042","INS","(G)6→7","yrhC","","","","","pseudogene (156/351 nt)","","","","","","","","","","1.00","","","","","","","","","","",""
"3,626,611","DUP","11,426 bp x2.0","[yhhJ],  rbbA,  yhiI,  yhiJ,  yhiL,  yhiM,  yhiN,  [pitA]","","","","","Duplication","","","","","","","","","1.00","","","","","","","","","","","",""
"3,639,129","DUP","1,739 bp x2.0","[pitA],  uspB,  uspA,  [dtpB]","","","","","Duplication","","","","","","","","","1.00","","","","","","","","","","","",""
"3,642,818","DUP","6,951 bp x1.9","[rsmJ],  prlC,  rlmJ,  gor,  dinQ,  arsR,  [arsB]","","","","","Duplication","","","","","","","","","1.00","","","","","","","","","","","",""
"3,655,404","DUP","3,793 bp x2.0","[yhiD],  hdeB,  hdeA,  hdeD,  gadE","","","","","Duplication","","","","","","","","","1.00","","","","","","","","","","","",""
"3,662,959","DUP","7,585 bp x2.1","[mdtF],  gadW,  gadX,  gadA,  yhjA,  [treF]","","","","","Duplication","","","","","","","","","1.00","","","","","","","","","","","",""
"3,677,182","INS","(T)6→7","yhjG","","","","","coding (1169/2061 nt)","","","","","","","","1.00","","","","","","","","","","","","",""
"3,682,962","DUP","3,923 bp x2.0","[dctA],  yhjK,  [bcsC]","","","","","Duplication","","","","","","","","","1.00","","","","","","","","","","","",""
"3,691,406","SNP","T→G","bcsB","","","","","D401A (GAT→GCT)","","","","","","","","","","","","","","1.00","1.00","","","","","",""
"3,693,698","DUP","2,754 bp x1.9","[bcsA],  bcsQ,  yhjR","","","","","Duplication","","","","","","","","","1.00","","","","","","","","","","","",""
"3,699,541","DUP","3,341 bp x2.0","[bcsG],  ldrD,  yhjV,  dppF,  [dppD]","","","","","Duplication","","","","","","","","","1.00","","","","","","","","","","","",""
"3,708,380","SNP","C→T","dppA,  proK","","","","","intergenic (‑675/+236)","","","","","","","","","1.00","","","","","","","","","","","",""
"3,712,843","DUP","1,141 bp x1.9","[yhjY],  tag,  [yiaC]","","","","","Duplication","","","","","","","","","1.00","","","","","","","","","","","",""
"3,716,095","DUP","7,812 bp x2.0","[bisC],  yiaD,  ghrB,  yiaF,  yiaG,  cspA,  mokA,  hokA,  insJ,  insK,  [glyS]","","","","","Duplication","","","","","","","","","1.00","","","","","","","","","","","",""
"3,725,879","DUP","5,590 bp x1.9","wecH,  yiaA,  yiaB,  xylB,  xylA,  [xylF]","","","","","Duplication","","","","","","","","","1.00","","","","","","","","","","","",""
"3,732,598","DUP","3,994 bp x1.9","[xylG],  xylH,  xylR,  [bax]","","","","","Duplication","","","","","","","","","1.00","","","","","","","","","","","",""
"3,736,471","SNP","A→G","bax","","","","","V236A (GTG→GCG)","","","","","","","","1.00","","","","","","","","","","","","",""
"3,741,877","DUP","6,965 bp x1.9","[yiaJ],  yiaK,  yiaL,  yiaM,  yiaN,  yiaO,  lyxK,  [sgbH]","","","","","Duplication","","","","","","","","","1.00","","","","","","","","","","","",""
"3,750,748","DUP","1,930 bp x2.0","[sgbE],  ysaC,  ysaD,  yiaT,  [yiaU]","","","","","Duplication","","","","","","","","","1.00","","","","","","","","","","","",""
"3,753,933","DUP","5,912 bp x2.1","[yiaV],  yiaW,  aldB,  yiaY,  [selB]","","","","","Duplication","","","","","","","","","1.00","","","","","","","","","","","",""
"3,815,808","DEL","(A)8→7","pyrE,  rph","","","","","intergenic (‑40/+26)","","","1.00","1.00","","","","","","","","","","","","","","","1.00","1.00","1.00"
"3,815,810","DEL","Δ1 bp","pyrE,  rph","","","","","intergenic (‑42/+24)","","","","","1.00","1.00","1.00","","","","1.00","1.00","1.00","","","","","","","",""
"3,815,859","DEL","Δ82 bp","[rph],  [rph]","","","","","","","","","","","","","1.00","1.00","1.00","","","","1.00","1.00","","","","","",""
"3,816,611","SNP","C→A","rph,  yicC","","","","","intergenic (‑62/‑65)","","1.00","","","","","","","","","","","","","","","","","","",""
"3,823,025","SNP","G→A","spoT","","","","","R209H (CGT→CAT)","","1.00","","","","","","","","","","","","","","","","","","",""
"3,823,861","SNP","C→T","spoT","","","","","R488C (CGT→TGT)","","","","","","","","1.00","1.00","1.00","","","","","","","","","","",""
"3,823,987","SNP","G→T","spoT","","","","","G530C (GGT→TGT)","","","","","","","","","","","","","","1.00","1.00","","","","","",""
"3,826,728","SNP","A→G","recG","","","","","T507A (ACC→GCC)","","","","","","","","","1.00","","","","","","","","","","","",""
"3,854,965","SNP","C→G","emrD","","","","","G348G (GGC→GGG)","","","","","","","","","","","","","","1.00","1.00","","","","","",""
"3,891,019","SNP","T→G","tnaB","","","","","S262A (TCC→GCC)","","","","","","","","","","","","","","1.00","1.00","","","","","",""
"3,901,405","SNP","C→T","bglH","","","","","L272L (CTG→CTA)","","","","","","","","1.00","1.00","1.00","","","","","","","","","","",""
"3,903,374","SNP","A→C","bglB","","","","","F110V (TTT→GTT)","","","","","","","","","","","","","","1.00","1.00","","","","","",""
"3,908,248","SNP","G→T","pstB","","","","","A40E (GCG→GAG)","","","","","","","","","","","","","1.00","","","","","","","",""
"3,922,549","INS","(C)5→6","atpI,  rsmG","","","","","intergenic (‑109/+508)","","","","","","","","","","1.00","","","","","","","","","","",""
"3,923,204","SNP","G→A","rsmG","","","","","G159G (GGC→GGT)","","","","","","","","1.00","1.00","1.00","","","","","","","","","","",""
"3,933,122","SNP","C→A","kup","","","","","P603T (CCA→ACA)","","","","","1.00","1.00","1.00","","","","","","","","","","","","","",""
"3,947,489","SNP","A→C","hdfR","","","","","L160W (TTG→TGG)","","","","","","","","","","","","","","","1.00","","","","","",""
"3,951,681","SNP","T→C","ilvG","","","","","pseudogene (140/663 nt)","","","","","","","","1.00","1.00","1.00","","","","","","","","","","",""
"3,970,392","SNP","C→T","wecB","","","","","P87L (CCA→CTA)","","","","","","","","1.00","1.00","1.00","","","","","","","","","","",""
"3,990,828","SNP","G→A","hemC,  cyaA","","","","","intergenic (‑62/‑325)","","","","","","","","","","1.00","","","","","","","","","","",""
"4,003,860","SNP","A→C","rarD","","","","","F107V (TTT→GTT)","","","","","","","","","","","","","","1.00","1.00","","","","","",""
"4,086,147","SNP","G→A","fdhD","","","","","A44A (GCG→GCA)","","","","","","","","1.00","1.00","1.00","","","","","","","","","","",""
"4,094,823","SNP","A→C","rhaA","","","","","V387G (GTC→GGC)","","","","","","","","","","","","","","","1.00","","","","","",""
"4,127,559","SNP","A→C","yiiX","","","","","G112G (GGT→GGG)","","","","","","","","","","","","","","","1.00","","","","","",""
"4,128,549","SNP","A→C","metJ,  metB","","","","","intergenic (‑154/‑123)","","","","","","","","","","","","","","","1.00","","","","","",""
"4,133,696","SNP","A→C","metF,  katG","","","","","intergenic (+190/‑139)","","","","","","","","","","","","","","1.00","1.00","","","","","",""
"4,143,217","SNP","A→C","frwC","","","","","M230L (ATG→CTG)","","","","","","","","","","","","","","1.00","1.00","","","","","",""
"4,181,706","SNP","C→T","rpoB","","","","","G154G (GGC→GGT)","","","","","","","","1.00","","","","","","","","","","","","",""
"4,181,786","SNP","G→T","rpoB","","","","","G181V (GGT→GTT)","","1.00","","","","","","","","","","","","","","","","","","",""
"4,185,708","SNP","T→C","rpoC","","","","","L120P (CTG→CCG)","","","","","","","","1.00","1.00","1.00","","","","","","","","","","",""
"4,188,767","SNP","C→T","rpoC","","","","","R1140C (CGC→TGC)","","","","","1.00","","1.00","","","","","","","","","","","","","",""
"4,256,722","SNP","A→C","dgkA","","","","","E29A (GAA→GCA)","","","","","","","","","","","","","","1.00","1.00","","","","","",""
"4,257,602","SNP","A→T","lexA","","","","","N163I (AAT→ATT)","","1.00","","","","","","","","","","","","","","","","","","",""
"4,272,717","SNP","A→C","uvrA","","","","","Y385* (TAT→TAG)","","","","","","","","","","","","","","1.00","1.00","","","","","",""
"4,290,993","SNP","A→C","nrfD","","","","","Y173S (TAT→TCT)","","","","","","","","","","","","","","1.00","1.00","","","","","",""
"4,304,847","SNP","T→G","yjcS","","","","","N584T (AAC→ACC)","","","","","","","","","","","","","","1.00","1.00","","","","","",""
"4,321,045","SNP","A→C","phnH","","","","","L68* (TTA→TGA)","","","","","","","","","","","","","","1.00","1.00","","","","","",""
"4,369,961","SNP","A→C","yjeH","","","","","I151S (ATT→AGT)","","","","","","","","","","","","","","1.00","","","","","","",""
"4,372,620","SNP","A→C","groL","","","","","L532F (TTA→TTC)","","","","","","","","","","","","","","1.00","1.00","","","","","",""
"4,378,331","SNP","A→G","ampC","","","","","I205T (ATT→ACT)","","","","","","","","","","","1.00","","","","","","","","","",""
"4,410,053","DEL","(T)9→8","rlmB,  yjfI","","","","","intergenic (+47/‑80)","","","","","","","","1.00","1.00","1.00","","","","","","","","","","",""
"4,410,605","SNP","C→T","yjfJ","","","","","A18V (GCG→GTG)","","","","","","","","1.00","1.00","1.00","","","","","","","","","","",""
"4,416,967","SNP","T→G","yjfP","","","","","S6A (TCA→GCA)","","","","","","","","","","","","","","1.00","","","","","","",""
"4,457,113","DEL","Δ4 bp","mpl","","","","","coding (1329‑1332/1374 nt)","","","","","","","","","","","","","","","","","","","","","1.00"
"4,469,328","SNP","T→G","mgtA","","","","","L568L (CTT→CTG)","","","","","","","","","","","","","","1.00","","","","","","",""
"4,485,639","SNP","A→C","pepA","","","","","S105A (TCA→GCA)","","","","","","","","","","","","","1.00","","","","","","","",""
"4,494,164","SNP","T→G","idnD","","","","","E81D (GAA→GAC)","","","","","","","","","","","","","","1.00","1.00","","","","","",""
"4,494,308","SNP","T→G","idnD","","","","","Q33H (CAA→CAC)","","","","","","","","","","","","","","1.00","1.00","","","","","",""
"4,509,433","SNP","A→C","insO","","","","","pseudogene (425/471 nt)","","","","","","","","","","","","","","1.00","","","","","","",""
"4,549,509","SNP","G→A","fimH","","","","","A234A (GCG→GCA)","","","","","","","","","1.00","","","","","","","","","","","",""
"4,623,272","SNP","A→C","lplA","","","","","F282L (TTT→TTG)","","","","","","","","","","","","","","1.00","1.00","","","","","",""
"4,626,686","SNP","A→C","radA","","","","","N259H (AAC→CAC)","","","","","","","","","","","","","","1.00","1.00","","","","","",""
"4,628,246","SNP","A→C","nadR","","","","","D311A (GAT→GCT)","","","","","","","","","","","","","","1.00","1.00","","","","","",""
"4,636,416","SNP","T→G","creB","","","","","F137C (TTT→TGT)","","","","","","","","","","","","","","1.00","1.00","","","","","",""