"Position","Mutation Type","Sequence Change","Gene","Function","Product","GO Process","GO Component","Protein change","TOL isobutyric_acid A0 F0 I1 R1","TOL isobutyric_acid A1 F50 I1 R1","TOL isobutyric_acid A1 F50 I2 R1","TOL isobutyric_acid A2 F50 I1 R1","TOL isobutyric_acid A2 F50 I2 R1","TOL isobutyric_acid A2 F50 I3 R1","TOL isobutyric_acid A3 F50 I1 R1","TOL isobutyric_acid A3 F50 I2 R1","TOL isobutyric_acid A4 F50 I1 R1","TOL isobutyric_acid A4 F50 I2 R1","TOL isobutyric_acid A4 F50 I3 R1","TOL isobutyric_acid A5 F50 I1 R1","TOL isobutyric_acid A5 F50 I2 R1","TOL isobutyric_acid A6 F50 I1 R1","TOL isobutyric_acid A6 F50 I2 R1","TOL isobutyric_acid A7 F50 I1 R1","TOL isobutyric_acid A7 F50 I2 R1","TOL isobutyric_acid A7 F50 I3 R1","TOL isobutyric_acid A8 F50 I1 R1","TOL isobutyric_acid A8 F50 I2 R1","TOL isobutyric_acid A8 F50 I3 R1"
"20,771","SNP","C→A","insA,  rpsT","","","","","intergenic (‑263/+44)","","1.00","","","","","","","","","","","","","","","","","","",""
"37,693","SNP","A→C","caiC","","","","","N44K (AAT→AAG)","","","","","","","1.00","","","","","","","","","","","","","",""
"87,381","SNP","C→T","ilvH","","","","","L9F (CTC→TTC)","","","","","","","","","","","","","","","","","","","1.00","1.00",""
"100,657","SNP","T→G","murG","","","","","I338M (ATT→ATG)","","","","","","","1.00","","","","","","","","","","","","","",""
"111,028","INS","+46 bp","secA,  mutT","","","","","intergenic (+44/‑16)","","","","","","","1.00","","","","","","","","","","","","","",""
"140,169","SNP","T→G","gcd","","","","","T353P (ACC→CCC)","","","","","","","1.00","","","","","","","","","","","","","",""
"146,136","SNP","T→G","yadE","","","","","F352L (TTT→TTG)","","","","","","","1.00","","","","","","","","","","","","","",""
"255,591","DEL","Δ18,364 bp","27 genespepD>27 genes[pepD],  gpt,  frsA,  crl,  crl,  phoE,  proB,  proA,  thrW,  ykfN,  ykfI,  yafW,  ykfH,  ykfG,  yafX,  ykfF,  ykfB,  yafY,  ykfL,  ykfK,  yafZ,  ykfA,  perR,  insN,  insI1,  insN, > [ykfC]","","","","","IS5‑mediated","","","1.00","","","","","","","","","","","","","","","","","",""
"383,289","SNP","C→T","yaiP","","","","","W216* (TGG→TAG)","","","","","","","","","","","1.00","","","","","","","","","",""
"522,892","SNP","A→C","ybbP,  rhsD","","","","","intergenic (+62/‑369)","","","","","","","1.00","","","","","","","","","","","","","",""
"532,886","SNP","A→C","allA","","","","","N146H (AAC→CAC)","","","","","","","1.00","","","","","","","","","","","","","",""
"538,086","MOB","IS5 (–) +4 bp","ybbW","","","","","coding (454‑457/1455 nt)","","","","","","","","","","","","","","","1.00","","","","","",""
"707,238","SNP","T→G","glnS","","","","","F382L (TTT→TTG)","","","","","","","1.00","","","","","","","","","","","","","",""
"926,293","SNP","C→T","infA","","","","","D51N (GAC→AAC)","","","","","","","","","","","1.00","","","","","","","","","",""
"943,261","SNP","T→G","dmsA","","","","","L768R (CTG→CGG)","","","","","","","1.00","","","","","","","","","","","","","",""
"1,143,323","SNP","C→T","rne","","","","","D349N (GAC→AAC)","","","","","","","","","","","","","","","1.00","","","","","",""
"1,265,009","SNP","C→A","hemA,  prfA","","","","","intergenic (+39/‑3)","","","","","","","","","","","","1.00","1.00","","1.00","","","","","",""
"1,299,499","DEL","Δ1,199 bp","ychE,  oppA","","","","","intergenic (+254/‑485)","","1.00","","1.00","","1.00","","","","1.00","","","","1.00","","","","","1.00","",""
"1,343,574","SNP","T→G","osmB,  yciT","","","","","intergenic (‑246/+23)","","","","","","","1.00","","","","","","","","","","","","","",""
"1,352,163","SNP","G→A","sapF","","","","","R158C (CGT→TGT)","","","","","","","","1.00","","","","","","","","","","","","",""
"1,352,926","SNP","C→T","sapD","","","","","G235S (GGT→AGT)","","","","1.00","1.00","1.00","","","","","","","","","","","","","","",""
"1,354,314","SNP","A→G","sapC","","","","","S69P (TCG→CCG)","","","","","","","","","","","","","","","","1.00","1.00","1.00","","",""
"1,354,686","SNP","A→C","sapB","","","","","V262G (GTT→GGT)","","","","","","","","","1.00","","","","","","","","","","","",""
"1,356,671","SNP","T→G","sapA","","","","","Y147S (TAC→TCC)","","","","","","","1.00","","","","","","","","","","","","","",""
"1,425,236","MOB","IS5 (–) +4 bp","trkG","","","","","coding (1455‑1458/1458 nt)","","","","","","","1.00","","","","","","","","","","","","","",""
"1,472,662","MOB","IS5 (–) +4 bp","ydbA","","","","","pseudogene (2146‑2149/3497 nt)","","","","","","","","1.00","","","","","","","","","","","","",""
"1,502,324","SNP","T→G","tehB,  ydcL","","","","","intergenic (+169/‑133)","","","","","","","1.00","","","","","","","","","","","","","",""
"1,583,769","SNP","T→G","safA","","","","","Q64P (CAA→CCA)","","","","","","","1.00","","","","","","","","","","","","","",""
"1,614,214","SNP","T→G","sad","","","","","N164H (AAT→CAT)","","","","","","","1.00","","","","","","","","","","","","","",""
"1,755,687","MOB","IS5 (–) +4 bp","ydhZ,  pykF","","","","","intergenic (‑546/‑8)","","","","1.00","1.00","1.00","","","","","","","","","","","","","","",""
"1,755,755","MOB","IS5 (–) +4 bp","pykF","","","","","coding (58‑61/1413 nt)","","1.00","","","","","","","","","","","","","","","","","","",""
"1,756,083","SNP","T→C","pykF","","","","","L129P (CTG→CCG)","","","","","","","1.00","","","","","","","","","","","","","",""
"1,756,217","SNP","G→T","pykF","","","","","D174Y (GAC→TAC)","","","","","","","","","","","","1.00","1.00","","","","","","","",""
"1,756,434","SNP","A→G","pykF","","","","","D246G (GAC→GGC)","","","","","","","","","","","","","","","","1.00","1.00","1.00","","",""
"1,756,495","INS","(A)5→6","pykF","","","","","coding (798/1413 nt)","","","","","","","","","","","","","","1.00","1.00","","","","1.00","1.00","1.00"
"1,756,637","SNP","G→C","pykF","","","","","E314Q (GAA→CAA)","","","1.00","","","","","","","","","","","","","","","","","",""
"1,756,894","INS","+TG","pykF","","","","","coding (1197/1413 nt)","","","","","","","","","1.00","1.00","1.00","","","","","","","","","",""
"1,757,082","MOB","+G :: IS5 (–) +3 bp","pykF","","","","","coding (1385‑1387/1413 nt)","","","","","","","","1.00","","","","","","","","","","","","",""
"1,821,514","SNP","T→G","chbB","","","","","I36L (ATT→CTT)","","","","","","","1.00","","","","","","","","","","","","","",""
"1,903,203","SNP","T→G","manY","","","","","I41S (ATC→AGC)","","","","","","","1.00","","","","","","","","","","","","","",""
"1,907,448","MOB","IS5 (–) +4 bp","yobF","(phenotype; Not classified)","(DUF2527 family heat-induced protein)","()","(GO:0005737 - cytoplasm)","coding (141‑144/144 nt)","","","","1.00","1.00","1.00","","","","","","","","","","","","","","",""
"1,969,313","SNP","C→A","cheR","","","","","E18* (GAG→TAG)","","","1.00","","","","","","","","","","","","","","","","","",""
"1,995,819","DEL","Δ40,006 bp","50 genesyecF>50 genes[yecF],  sdiA,  yecC,  yecS,  dcyD,  fliY,  fliZ,  fliA,  fliC,  fliD,  fliS,  fliT,  amyA,  yedD,  yedE,  yedF,  yedK,  yedL,  yedN,  yedN,  yedN,  intG,  fliE,  fliF,  fliG,  fliH,  fliI,  fliJ,  fliK,  fliL,  fliM,  fliN,  fliO,  fliP,  fliQ,  fliR,  rcsA,  dsrB,  yodD,  yedP,  yedQ,  yodC,  yedI,  yedA,  vsr,  dcm,  yedJ,  yedR,  yedS, > yedS","","","","","","","","","","","","","","","","","","","","","","","","1.00","1.00",""
"2,037,332","SNP","G→T","yedV","","","","","T274K (ACA→AAA)","","","1.00","","","","","","","","","","","","","","","","","",""
"2,085,510","SNP","A→C","yeeE","","","","","L6V (TTA→GTA)","","","","","","","1.00","","","","","","","","","","","","","",""
"2,133,868","SNP","A→C","wzc","","","","","A595A (GCT→GCG)","","","","","","","1.00","","","","","","","","","","","","","",""
"2,173,468","SNP","A→C","gatC","","","","","pseudogene (811/914 nt)","","","","","","","1.00","","","","","","","","","","","","","",""
"2,343,454","SNP","T→G","yfaL","","","","","Y239S (TAT→TCT)","","","","","","","1.00","","","","","","","","","","","","","",""
"2,406,260","SNP","A→C","lrhA","","","","","L128V (TTA→GTA)","","","","","","","1.00","","","","","","","","","","","","","",""
"2,495,641","SNP","A→C","yfdY,  lpxP","","","","","intergenic (‑349/‑4)","","","","","","","1.00","","","","","","","","","","","","","",""
"2,511,580","SNP","A→C","mntH","","","","","L376W (TTG→TGG)","","","","","","","1.00","","","","","","","","","","","","","",""
"2,563,402","SNP","C→A","yffP,  yffQ","","","","","intergenic (+285/‑190)","","","","","","","","","","","","","","","","","","","","","1.00"
"2,583,262","SNP","T→G","nudK","","","","","N73H (AAT→CAT)","","","","","","","1.00","","","","","","","","","","","","","",""
"2,591,492","SNP","A→C","yffB","","","","","L82F (TTA→TTC)","","","","","","","1.00","","","","","","","","","","","","","",""
"2,751,315","SNP","T→G","nadK","","","","","F162C (TTC→TGC)","","","","","","","1.00","","","","","","","","","","","","","",""
"2,828,281","SNP","T→G","srlD","","","","","L182R (CTG→CGG)","","","","","","","1.00","","","","","","","","","","","","","",""
"2,866,767","SNP","C→T","rpoS","","","","","W262* (TGG→TAG)","","","","","","","","","","","","1.00","","","","","","","","",""
"2,867,337","DEL","Δ96 bp","rpoS","","","","","coding (120‑215/993 nt)","","","","","","","","","","","","","1.00","","","","","","","",""
"2,867,356","DEL","Δ1 bp","rpoS","","","","","coding (196/993 nt)","","","","","","","","","","","","","","1.00","","","","","","",""
"2,967,576","MOB","IS5 (+) +4 bp","ptsP","","","","","coding (856‑859/2247 nt)","","1.00","","","","","","","","","","","","","","","","","","",""
"3,000,850","SNP","A→C","xdhA","","","","","Q169P (CAG→CCG)","","","","","","","1.00","","","","","","","","","","","","","",""
"3,021,392","SNP","T→G","xdhD","","","","","L26W (TTG→TGG)","","","","","","","1.00","","","","","","","","","","","","","",""
"3,067,245","SNP","T→G","ygfI,  yggE","","","","","intergenic (‑72/+95)","","","","","","","1.00","","","","","","","","","","","","","",""
"3,084,357","DEL","Δ1 bp","speA","","","","","coding (1555/1977 nt)","","","","","","","","","","","1.00","","","","","","","","","",""
"3,315,513","SNP","T→G","infB","","","","","N168H (AAC→CAC)","","","","","","","","","","","","","","1.00","","","","","","",""
"3,327,665","MOB","IS5 (+) +4 bp","rlmE,  yhbY","","","","","intergenic (‑1/‑122)","","","1.00","","","","","","","","","","","","","","","","","",""
"3,378,200","SNP","T→G","rpsI","","","","","E3A (GAA→GCA)","","","","","","","1.00","","","","","","","","","","","","","",""
"3,441,417","SNP","C→A","rpsD","","","","","G87C (GGT→TGT)","","","","","","","","","","1.00","","","","","","","","","","",""
"3,449,388","SNP","C→T","rpsC","","","","","E166K (GAA→AAA)","","","","1.00","","1.00","","","","","","","","","","","","","","",""
"3,449,508","INS","(GAACATAACGCGACG)1→2","rpsC","","","","","coding (376/702 nt)","","","","","1.00","","","","","","","","","","","","","","","",""
"3,474,485","SNP","G→A","rpsL","","","","","A23V (GCG→GTG)","","","","","","","","","","","","","","","","","1.00","","","",""
"3,619,332","DUP","8,774 bp x2.3","[rhsB],  yhhH,  yrhC,  yhhI,  yhhJ,  [rbbA]","","","","","Duplication","","","","","","","","","","","","","","","","","","1.00","","",""
"3,619,342","DUP","7,869 bp x2.4","[rhsB],  yhhH,  yrhC,  yhhI,  yhhJ,  [rbbA]","","","","","Duplication","","","","","","","","","","","1.00","","","","","","","","","",""
"3,619,346","DUP","5,855 bp x2.6","[rhsB],  yhhH,  yrhC,  [yhhI]","","","","","Duplication","","","","","","","","","","","","","1.00","","","","","","","",""
"3,619,349","DUP","7,583 bp x2.2","[rhsB],  yhhH,  yrhC,  yhhI,  yhhJ,  [rbbA]","","","","","Duplication","","","","","","","","","","","","","","","","1.00","","","","",""
"3,619,349","DUP","7,967 bp x2.4","[rhsB],  yhhH,  yrhC,  yhhI,  yhhJ,  [rbbA]","","","","","Duplication","","","","","","","","","1.00","","","","","","","","","","","",""
"3,619,376","DUP","5,362 bp x2.4","[rhsB],  yhhH,  yrhC,  [yhhI]","","","","","Duplication","","","","","","","","","","","","1.00","","","","","","","","",""
"3,628,522","DUP","13,600 bp x2.0","[rbbA],  yhiI,  yhiJ,  yhiL,  yhiM,  yhiN,  pitA,  uspB,  uspA,  [dtpB]","","","","","Duplication","","","","","","","","","","","1.00","","","","","","","","","",""
"3,628,868","DUP","22,954 bp x2.0","[rbbA],  yhiI,  yhiJ,  yhiL,  yhiM,  yhiN,  pitA,  uspB,  uspA,  dtpB,  rsmJ,  prlC,  rlmJ,  gor,  dinQ,  arsR,  arsB,  arsC,  [yhiS]","","","","","Duplication","","","","","","","","","1.00","","","","","","","","","","","",""
"3,629,021","DUP","10,861 bp x2.0","[rbbA],  yhiI,  yhiJ,  yhiL,  yhiM,  yhiN,  pitA,  uspB","","","","","Duplication","","","","","","","","","","","","","","","","","","1.00","","",""
"3,629,869","DUP","5,463 bp x2.0","[yhiI],  yhiJ,  yhiL,  [yhiM]","","","","","Duplication","","","","","","","","","","","","","","","","1.00","","","","",""
"3,630,689","DUP","5,301 bp x2.0","yhiJ,  yhiL,  yhiM","","","","","Duplication","","","","","","","","","","","","1.00","","","","","","","","",""
"3,630,875","DUP","5,487 bp x2.0","yhiJ,  yhiL,  yhiM,  [yhiN]","","","","","Duplication","","","","","","","","","","","","","1.00","","","","","","","",""
"3,639,402","DUP","1,551 bp x1.9","[uspB],  uspA,  [dtpB]","","","","","Duplication","","","","","","","","","","","","","","","","1.00","","","","",""
"3,642,082","DUP","1,180 bp x1.8","[dtpB],  rsmJ,  [prlC]","","","","","Duplication","","","","","","","","","","","","","","","","1.00","","","","",""
"3,643,122","DUP","2,929 bp x2.0","[rsmJ],  prlC,  [rlmJ]","","","","","Duplication","","","","","","","","","","","","","1.00","","","","","","","",""
"3,643,140","DUP","6,870 bp x2.0","[prlC],  rlmJ,  gor,  dinQ,  arsR,  [arsB]","","","","","Duplication","","","","","","","","","","","1.00","","","","","","","","","",""
"3,643,819","DUP","6,708 bp x1.9","[prlC],  rlmJ,  gor,  dinQ,  arsR,  arsB,  [arsC]","","","","","Duplication","","","","","","","","","","","","","","","","","","1.00","","",""
"3,646,982","DUP","3,528 bp x2.0","[gor],  dinQ,  arsR,  arsB,  [arsC]","","","","","Duplication","","","","","","","","","","","","","1.00","","","","","","","",""
"3,647,035","DUP","1,577 bp x1.9","[gor],  dinQ,  [arsR]","","","","","Duplication","","","","","","","","","","","","","","","","1.00","","","","",""
"3,653,804","DUP","5,965 bp x2.1","slp,  dctR,  yhiD,  hdeB,  hdeA,  hdeD,  gadE,  [mdtE]","","","","","Duplication","","","","","","","","","","","","","1.00","","","","","","","",""
"3,654,358","DUP","32,557 bp x2.1","[slp],  dctR,  yhiD,  hdeB,  hdeA,  hdeD,  gadE,  mdtE,  mdtF,  gadW,  gadX,  gadA,  yhjA,  treF,  yhjB,  yhjC,  yhjD,  yhjE,  yhjG,  yhjH,  kdgK,  yhjJ,  dctA,  yhjK,  [bcsC]","","","","","Duplication","","","","","","","","","1.00","","","","","","","","","","","",""
"3,654,802","DUP","2,511 bp x2.0","[dctR],  yhiD,  hdeB,  hdeA,  [hdeD]","","","","","Duplication","","","","","","","","","","","","","","","","","","1.00","","",""
"3,655,118","DUP","26,364 bp x2.1","[dctR],  yhiD,  hdeB,  hdeA,  hdeD,  gadE,  mdtE,  mdtF,  gadW,  gadX,  gadA,  yhjA,  treF,  yhjB,  yhjC,  yhjD,  yhjE,  yhjG,  yhjH,  kdgK,  [yhjJ]","","","","","Duplication","","","","","","","","","","","1.00","","","","","","","","","",""
"3,655,891","DUP","1,040 bp x2.0","[yhiD],  hdeB,  hdeA","","","","","Duplication","","","","","","","","","","","","1.00","","","","","","","","",""
"3,656,064","DUP","1,068 bp x2.0","[hdeB],  hdeA,  [hdeD]","","","","","Duplication","","","","","","","","","","","","","","","","1.00","","","","",""
"3,658,051","DUP","2,904 bp x1.9","gadE,  mdtE,  [mdtF]","","","","","Duplication","","","","","","","","","","","","1.00","","","","","","","","",""
"3,658,283","DUP","917 bp x2.1","gadE","","","","","Duplication","","","","","","","","","","","","","","","","","","1.00","","",""
"3,661,921","DUP","21,203 bp x2.0","[mdtF],  gadW,  gadX,  gadA,  yhjA,  treF,  yhjB,  yhjC,  yhjD,  yhjE,  yhjG,  yhjH,  kdgK,  yhjJ,  [dctA]","","","","","Duplication","","","","","","","","","","","","","1.00","","","","","","","",""
"3,662,813","DUP","10,854 bp x2.1","[mdtF],  gadW,  gadX,  gadA,  yhjA,  treF,  yhjB,  yhjC,  [yhjD]","","","","","Duplication","","","","","","","","","","","","","","","","","","1.00","","",""
"3,664,859","DUP","2,913 bp x2.1","gadX,  gadA","","","","","Duplication","","","","","","","","","","","","1.00","","","","","","","","",""
"3,665,596","DUP","4,305 bp x2.0","[gadX],  gadA,  yhjA,  [treF]","","","","","Duplication","","","","","","","","","","","","","","","","1.00","","","","",""
"3,679,236","DUP","2,119 bp x2.0","kdgK,  [yhjJ]","","","","","Duplication","","","","","","","","","","","","","","","","","","1.00","","",""
"3,679,611","DUP","2,796 bp x1.9","[kdgK],  yhjJ,  [dctA]","","","","","Duplication","","","","","","","","","","","","1.00","","","","","","","","",""
"3,682,664","DUP","11,206 bp x1.9","[dctA],  yhjK,  bcsC,  bcsZ,  bcsB,  [bcsA]","","","","","Duplication","","","","","","","","","","","1.00","","","","","","","","","",""
"3,684,180","DUP","7,019 bp x1.9","[yhjK],  bcsC,  bcsZ,  [bcsB]","","","","","Duplication","","","","","","","","","","","","","1.00","","","","","","","",""
"3,688,423","DUP","4,345 bp x2.0","[bcsC],  bcsZ,  bcsB,  [bcsA]","","","","","Duplication","","","","","","","","","1.00","","","","","","","","","","","",""
"3,694,313","DUP","3,459 bp x2.0","[bcsA],  bcsQ,  yhjR,  [bcsE]","","","","","Duplication","","","","","","","","","","","","","1.00","","","","","","","",""
"3,694,533","DUP","41,844 bp x2.0","[bcsA],  bcsQ,  yhjR,  bcsE,  bcsF,  bcsG,  ldrD,  yhjV,  dppF,  dppD,  dppC,  dppB,  dppA,  eptB,  yhjX,  yhjY,  tag,  yiaC,  bisC,  yiaD,  ghrB,  yiaF,  yiaG,  cspA,  mokA,  hokA,  insJ,  insK,  glyS,  glyQ,  ysaB,  wecH,  yiaA,  yiaB,  xylB,  xylA,  xylF,  xylG,  xylH,  xylR,  [bax]","","","","","Duplication","","","","","","","","","1.00","","","","","","","","","","","",""
"3,694,796","DUP","20,142 bp x2.0","[bcsA],  bcsQ,  yhjR,  bcsE,  bcsF,  bcsG,  ldrD,  yhjV,  dppF,  dppD,  dppC,  dppB,  dppA,  eptB,  yhjX,  yhjY,  tag,  yiaC,  [bisC]","","","","","Duplication","","","","","","","","","","","1.00","","","","","","","","","",""
"3,695,999","DUP","6,448 bp x2.0","[yhjR],  bcsE,  bcsF,  bcsG,  ldrD,  yhjV,  [dppF]","","","","","Duplication","","","","","","","","","","","","","","","","","","1.00","","",""
"3,696,692","DUP","5,674 bp x1.9","[bcsE],  bcsF,  bcsG,  ldrD,  yhjV,  [dppF]","","","","","Duplication","","","","","","","","","","","","","","","","1.00","","","","",""
"3,698,702","DUP","26,751 bp x2.0","[bcsG],  ldrD,  yhjV,  dppF,  dppD,  dppC,  dppB,  dppA,  eptB,  yhjX,  yhjY,  tag,  yiaC,  bisC,  yiaD,  ghrB,  yiaF,  yiaG,  cspA,  mokA,  hokA,  insJ,  insK,  glyS,  glyQ,  [ysaB]","","","","","Duplication","","","","","","","","","","","","","1.00","","","","","","","",""
"3,705,574","DUP","2,549 bp x2.0","[dppB],  dppA","","","","","Duplication","","","","","","","","","","","","","","","","","","1.00","","",""
"3,709,725","DUP","3,890 bp x1.9","[eptB],  yhjX,  yhjY,  [tag]","","","","","Duplication","","","","","","","","","","","","","","","","","","1.00","","",""
"3,715,731","DUP","1,935 bp x2.1","[bisC],  yiaD,  [ghrB]","","","","","Duplication","","","","","","","","","","","","","","","","","","1.00","","",""
"3,715,909","DUP","49,310 bp x2.1","[bisC],  yiaD,  ghrB,  yiaF,  yiaG,  cspA,  mokA,  hokA,  insJ,  insK,  glyS,  glyQ,  ysaB,  wecH,  yiaA,  yiaB,  xylB,  xylA,  xylF,  xylG,  xylH,  xylR,  bax,  malS,  avtA,  ysaA,  yiaJ,  yiaK,  yiaL,  yiaM,  yiaN,  yiaO,  lyxK,  sgbH,  sgbU,  sgbE,  ysaC,  ysaD,  yiaT,  yiaU,  yiaV,  yiaW,  aldB,  yiaY,  selB,  selA,  yibF,  [rhsA]","","","","","Duplication","","","","","","","","","","","1.00","","","","","","","","","",""
"3,715,920","DUP","2,243 bp x2.0","[bisC],  yiaD,  [ghrB]","","","","","Duplication","","","","","","","","","","","","","","","","1.00","","","","",""
"3,717,167","DUP","1,487 bp x1.9","[yiaD],  ghrB,  [yiaF]","","","","","Duplication","","","","","","","","","","","","1.00","","","","","","","","",""
"3,719,303","DUP","3,887 bp x2.0","yiaG,  cspA,  mokA,  hokA,  insJ,  insK,  [glyS]","","","","","Duplication","","","","","","","","","","","","","","","","","","1.00","","",""
"3,719,362","DUP","727 bp x2.0","yiaG,  [cspA]","","","","","Duplication","","","","","","","","","","","","","","","","1.00","","","","",""
"3,721,405","DUP","4,149 bp x2.0","[insK],  glyS,  glyQ,  [ysaB]","","","","","Duplication","","","","","","","","","","","","","","","","1.00","","","","",""
"3,725,175","SNP","C→G","glyQ","","","","","E48D (GAG→GAC)","","","","","","","","","","","","","","1.00","1.00","","","","1.00","1.00","1.00"
"3,725,543","DUP","8,204 bp x2.0","[ysaB],  wecH,  yiaA,  yiaB,  xylB,  xylA,  xylF,  xylG,  [xylH]","","","","","Duplication","","","","","","","","","","","","","","","","","","1.00","","",""
"3,726,637","DUP","3,150 bp x2.0","[wecH],  yiaA,  yiaB,  xylB,  [xylA]","","","","","Duplication","","","","","","","","","","","","","1.00","","","","","","","",""
"3,726,965","DUP","2,572 bp x1.9","[yiaA],  yiaB,  xylB,  [xylA]","","","","","Duplication","","","","","","","","","","","","","","","","1.00","","","","",""
"3,732,520","DUP","5,756 bp x2.0","[xylG],  xylH,  xylR,  bax,  [malS]","","","","","Duplication","","","","","","","","","","","","","1.00","","","","","","","",""
"3,739,295","DUP","2,115 bp x1.8","[malS],  avtA,  [ysaA]","","","","","Duplication","","","","","","","","","","","","1.00","","","","","","","","",""
"3,739,834","DUP","19,238 bp x2.0","[avtA],  ysaA,  yiaJ,  yiaK,  yiaL,  yiaM,  yiaN,  yiaO,  lyxK,  sgbH,  sgbU,  sgbE,  ysaC,  ysaD,  yiaT,  yiaU,  yiaV,  yiaW,  aldB,  yiaY,  [selB]","","","","","Duplication","","","","","","","","","","","","","1.00","","","","","","","",""
"3,740,169","DUP","4,830 bp x1.9","[avtA],  ysaA,  yiaJ,  yiaK,  yiaL,  yiaM,  [yiaN]","","","","","Duplication","","","","","","","","","","","","","","","","","","1.00","","",""
"3,741,258","DUP","7,783 bp x2.0","[ysaA],  yiaJ,  yiaK,  yiaL,  yiaM,  yiaN,  yiaO,  lyxK,  [sgbH]","","","","","Duplication","","","","","","","","","1.00","","","","","","","","","","","",""
"3,746,345","DUP","2,861 bp x1.9","[yiaO],  lyxK,  [sgbH]","","","","","Duplication","","","","","","","","","","","","","","","","","","1.00","","",""
"3,750,722","DUP","14,490 bp x2.2","[sgbE],  ysaC,  ysaD,  yiaT,  yiaU,  yiaV,  yiaW,  aldB,  yiaY,  selB,  selA,  yibF,  [rhsA]","","","","","Duplication","","","","","","","","","1.00","","","","","","","","","","","",""
"3,751,538","DUP","7,395 bp x2.0","[yiaT],  yiaU,  yiaV,  yiaW,  aldB,  yiaY,  [selB]","","","","","Duplication","","","","","","","","","","","","","","","","","","1.00","","",""
"3,751,691","DUP","3,308 bp x1.9","[yiaT],  yiaU,  yiaV,  yiaW,  [aldB]","","","","","Duplication","","","","","","","","","","","","1.00","","","","","","","","",""
"3,753,716","DUP","975 bp x2.0","[yiaV],  yiaW","","","","","Duplication","","","","","","","","","","","","","","","","1.00","","","","",""
"3,760,889","DUP","4,311 bp x2.7","[selA],  yibF,  [rhsA]","","","","","Duplication","","","","","","","","","","","","","1.00","","","","","","","",""
"3,815,808","DEL","(A)8→7","pyrE,  rph","","","","","intergenic (‑40/+26)","","","","","","","","","","","","","","1.00","","","","","","",""
"3,815,859","DEL","Δ82 bp","[rph],  [rph]","","","","","","","","","","","","","","","","","","","","","","","","1.00","1.00","1.00"
"3,851,044","SNP","T→G","ilvN","","","","","N17H (AAC→CAC)","","","","","","","","","","","","","","","","","","","","","1.00"
"3,905,639","DEL","(A)9→8","bglF,  bglG","","","","","intergenic (‑42/+92)","","","","1.00","1.00","1.00","","","","","","","","","","","","","","",""
"3,906,597","SNP","C→A","bglG,  phoU","","","","","intergenic (‑30/+256)","","","","","","","","","","","1.00","","","","","","","","","",""
"3,927,462","SNP","A→C","asnA","","","","","E103A (GAA→GCA)","","","","","","","1.00","","","","","","","","","","","","","",""
"3,989,853","SNP","T→G","hemC","","","","","E305A (GAA→GCA)","","","","","","","1.00","","","","","","","","","","","","","",""
"4,032,395","SNP","A→C","pepQ","","","","","E412A (GAA→GCA)","","","","","","","1.00","","","","","","","","","","","","","",""
"4,037,067","SNP","T→C","rrsA","","","","","noncoding (1537/1542 nt)","","","","","","","","","","","","","","","","","","","","","1.00"
"4,153,955","SNP","A→C","argE","","","","","L298R (CTG→CGG)","","","","","","","1.00","","","","","","","","","","","","","",""
"4,161,966","SNP","C→A","yijD","","","","","L66M (CTG→ATG)","","","","1.00","1.00","1.00","","","","","","","","","","","","","","",""
"4,180,393","SNP","A→C","rplJ","","","","","E133A (GAA→GCA)","","","","","","","1.00","","","","","","","","","","","","","",""
"4,182,313","SNP","A→C","rpoB","","","","","N357H (AAC→CAC)","","","","","","","1.00","","","","","","","","","","","","","",""
"4,182,820","SNP","C→T","rpoB","","","","","H526Y (CAC→TAC)","","","","","","","","1.00","1.00","1.00","1.00","1.00","1.00","","","1.00","1.00","1.00","","",""
"4,182,938","SNP","A→C","rpoB","","","","","E565A (GAA→GCA)","","","1.00","","","","","","","","","","","","","","","","","",""
"4,183,097","SNP","A→T","rpoB","","","","","Q618L (CAG→CTG)","","1.00","","","","","","","","","","","","","","","","","","",""
"4,184,792","SNP","C→T","rpoB","","","","","A1183V (GCA→GTA)","","","","","","","","","","","","","","1.00","","","","","","",""
"4,187,214","SNP","A→C","rpoC","","","","","D622A (GAC→GCC)","","","","","","","","","","","","","","","1.00","","","","","",""
"4,187,214","SNP","A→T","rpoC","","","","","D622V (GAC→GTC)","","","","","","","1.00","","","","","","","","","","","","","",""
"4,187,619","SNP","C→A","rpoC","","","","","T757K (ACG→AAG)","","","","1.00","1.00","1.00","","","","","","","","","","","","","","",""
"4,281,707","MOB","IS5 (+) +4 bp","yjcE,  yjcF","","","","","intergenic (+78/+73)","","","","","","","","","","","","","","","1.00","","","","","",""
"4,354,843","SNP","G→T","lysU,  dtpC","","","","","intergenic (‑126/+111)","","","","","","","","","","","","","","","","","1.00","","","",""
"4,586,506","SNP","A→C","hsdR","","","","","L86V (TTA→GTA)","","","","","","","1.00","","","","","","","","","","","","","",""
"4,603,494","SNP","C→A","yjjQ","","","","","C6* (TGC→TGA)","","","","","","","","","1.00","","","","","","","","","","","",""
"4,609,163","SNP","T→G","yjjG","","","","","M173R (ATG→AGG)","","","","","","","1.00","","","","","","","","","","","","","",""