"Position","Mutation Type","Sequence Change","Gene","Function","Product","GO Process","GO Component","Protein change","TOL putrescine A0 F0 I1 R1","TOL putrescine A1 F50 I1 R1","TOL putrescine A1 F50 I2 R1","TOL putrescine A2 F50 I1 R1","TOL putrescine A2 F50 I2 R1","TOL putrescine A2 F50 I3 R1","TOL putrescine A3 F50 I1 R1","TOL putrescine A3 F50 I2 R1","TOL putrescine A3 F50 I3 R1","TOL putrescine A4 F50 I1 R1","TOL putrescine A4 F50 I2 R1","TOL putrescine A4 F50 I3 R1","TOL putrescine A5 F50 I1 R1","TOL putrescine A5 F50 I2 R1","TOL putrescine A5 F50 I3 R1","TOL putrescine A6 F50 I1 R1","TOL putrescine A6 F50 I2 R1","TOL putrescine A6 F50 I3 R1","TOL putrescine A7 F50 I1 R1","TOL putrescine A7 F50 I2 R1","TOL putrescine A7 F50 I3 R1"
"19,816","DUP","693 bp x3.5","[insB1],  insA","","","","","Duplication","","","","","","","","","","","","","","","1.00","","","","","",""
"83,679","DEL","(TAG)4→3","leuL","","","","","coding (28‑30/87 nt)","","","","","","","","","","","","","","","","","","","","1.00",""
"457,406","DEL","(CAAAGAA)2→1","clpP,  clpX","","","","","intergenic (+106/‑14)","","","","","","","1.00","","","","","","","","","","","","","",""
"562,667","SNP","T→C","sfmH","","","","","F111S (TTC→TCC)","","","","","","","","","","","","","","","","","","","","","1.00"
"568,660","SNP","C→T","emrE,  ybcK","","","","","intergenic (+13/‑242)","","","","","","","","","","1.00","","","","","","","","","","",""
"576,891","SNP","C→T","nmpC,  essD","","","","","intergenic (‑66/‑507)","","","","","","","","","","","","","","1.00","1.00","","","","","",""
"665,554","SNP","C→T","mrdB","","","","","E254K (GAA→AAA)","","","","","","","1.00","1.00","1.00","","","","","","","","","","","",""
"683,270","DUP","2,122 bp x2.0","[hscC],  rihA,  gltL,  [gltK]","","","","","Duplication","","","","","","","","","","","","","","","","","","","1.00","",""
"700,785","DEL","Δ47 bp","nagC","","","","","coding (764‑810/1221 nt)","","","","","","","","","","","","","","","","","","","","","1.00"
"701,233","DEL","Δ1 bp","nagC","","","","","coding (362/1221 nt)","","","","","","","","","","","","","","","","","","","","1.00",""
"777,151","DEL","Δ48 bp","tolA","","","","","coding (810‑857/1266 nt)","","","","","","","","","","","","","","","1.00","","","","","",""
"962,473","SNP","A→T","rpsA","","","","","D160V (GAT→GTT)","","","","","","","","1.00","1.00","","","","","","","","","","","",""
"962,922","SNP","G→T","rpsA","","","","","D310Y (GAC→TAC)","","","","","","","","","","","","","","","","1.00","","","","",""
"962,933","SNP","C→G","rpsA","","","","","N313K (AAC→AAG)","","","","","","","","","","","","","","1.00","1.00","","","","","",""
"1,199,680","MOB","IS1 (+) +8 bp","intE","","","","","coding (1120‑1127/1128 nt)","","","","","","","","","","","","","","1.00","1.00","","","","","",""
"1,211,308","SNP","G→T","mcrA,  icdC","","","","","intergenic (+129/‑105)","","","","1.00","","1.00","","","","","","","","","","","","","","",""
"1,236,007","DEL","Δ50 bp","ycgB","","","","","coding (1186‑1235/1533 nt)","","","","","","","","","1.00","","","","","","","","","","","",""
"1,299,499","DEL","Δ1,199 bp","ychE,  oppA","","","","","intergenic (+254/‑485)","","","","","","","","","","","","","","1.00","","","","","1.00","","1.00"
"1,413,124","DUP","460 bp x2.0","[intR],  ydaQ,  [ydaC]","","","","","Duplication","","","","","","","","","","","","","","","","","","1.00","","",""
"1,432,279","DUP","2,590 bp x2.4","[stfR],  tfaR,  pinR,  ynaE","","","","","Duplication","","","","","","","","","","","","","","","","","","1.00","","",""
"1,432,298","DUP","1,738 bp x2.4","[stfR],  tfaR,  pinR,  [ynaE]","","","","","Duplication","","","","","","","","","","","","","","","","","1.00","","","",""
"1,498,553","DUP","613 bp x1.9","ydcH,  [rimL]","","","","","Duplication","","","","","","","","","","","","","","","","","","1.00","","",""
"1,633,247","DUP","1,357 bp x2.5","[ydfJ],  [ydfK],  pinQ,  [tfaQ]","","","","","Duplication","","","","","","","","","","","","","","","","","","1.00","","",""
"1,673,532","DEL","Δ181 bp","mdtJ,  tqsA","","","","","intergenic (‑31/‑201)","","","","","","","","","","","","","","","","","","1.00","","",""
"1,755,770","SNP","G→A","pykF","","","","","D25N (GAC→AAC)","","","","","","","","","","1.00","","","","","","","","","","",""
"1,879,829","MOB","Δ1 bp :: IS186 (+) +6 bp :: Δ1 bp","yeaR","","","","","coding (115‑120/360 nt)","","","","","","","","","","","","","","1.00","1.00","","","","","",""
"1,907,273","INS","(CGTCCTG)1→2","cspC","","","","","coding (163/210 nt)","","1.00","1.00","","","","","","","","","","","","","","","","","",""
"1,907,410","MOB","IS5 (+) +4 bp","cspC","","","","","coding (23‑26/210 nt)","","","","","","","1.00","1.00","1.00","","","","","","","","","","","",""
"1,907,448","MOB","IS5 (–) +4 bp","yobF","(phenotype; Not classified)","(DUF2527 family heat-induced protein)","()","(GO:0005737 - cytoplasm)","coding (141‑144/144 nt)","","","","","","","","","","","","","","1.00","1.00","","","","","",""
"1,934,806","SNP","C→T","edd,  zwf","","","","","intergenic (‑202/+33)","","","","1.00","","","","","","","","","","","","","","","","",""
"2,018,716","INS","(CGGTGGCTG)1→2","fliK","","","","","coding (331/1128 nt)","","","","1.00","","","","","","","","","","","","","","","","",""
"2,023,551","MOB","IS5 (+) +3 bp :: +C","fliR","","","","","coding (659‑661/786 nt)","","","","","","","","","","1.00","","","","","","","","","","",""
"2,025,435","SNP","T→A","yodD,  yedP","","","","","intergenic (+222/‑76)","","","","","","","","","","","","","","","","","","","","1.00",""
"2,661,793","SNP","C→A","iscR","","","","","L113F (TTG→TTT)","","","","1.00","","1.00","","","","","","","","","","","","","","",""
"2,678,755","MOB","IS5 (–) +4 bp","yphF","","","","","coding (610‑613/984 nt)","","","","","1.00","","","","","","","","","","","","","","","",""
"2,774,809","DEL","(A)7→6","yfjW","","","","","coding (1492/1704 nt)","","","","","1.00","","","","","","","","","","","","","","","",""
"2,798,597","MOB","IS1 (+) +9 bp","stpA,  alaE","","","","","intergenic (‑102/‑559)","","","","","","","","","","","","","1.00","","","","","","","",""
"2,799,867","SNP","C→A","ygaC","","","","","R43L (CGA→CTA)","","","","1.00","","1.00","","","","","","","","","","","","","","",""
"2,804,864","DEL","Δ13 bp","proV","","","","","coding (50‑62/1203 nt)","","","","","","","","","","","","","","1.00","1.00","","","","","",""
"2,804,946","INS","+T","proV","","","","","coding (132/1203 nt)","","","","1.00","","1.00","","","","","","","","","","","","","","",""
"2,805,131","INS","+T","proV","","","","","coding (317/1203 nt)","","","","","","","1.00","1.00","1.00","","","","","","","","","","","",""
"2,807,248","INS","+T","proX","","","","","coding (117/993 nt)","","","","","","","","","","","","","","","","","","","1.00","1.00","1.00"
"2,904,286","DEL","Δ122 bp","ygcE,  queE","","","","","intergenic (+912/+340)","","","","","","1.00","","","","","","","","","","","","","","",""
"3,079,559","SNP","C→T","cmtB,  tktA","","","","","intergenic (‑229/+85)","","","","","","","","","","","","","","1.00","1.00","","","","","",""
"3,197,154","DEL","Δ12 bp","glnE","","","","","coding (2477‑2488/2841 nt)","","","","","","","","","","","","","","1.00","","","","","","",""
"3,214,770","SNP","A→C","rpoD","","","","","E575A (GAA→GCA)","","","","","","","","","","","1.00","1.00","","","","","1.00","1.00","","",""
"3,267,294","SNP","G→T","tdcA,  tdcR","","","","","intergenic (‑229/‑86)","","","","","","","","","","","","","","","1.00","","","","","",""
"3,316,916","SNP","A→C","nusA","","","","","M204R (ATG→AGG)","","","","","","","","","","","","","","","","1.00","","","","",""
"3,318,960","SNP","C→A","argG","","","","","A108A (GCC→GCA)","","","","","","","","","","","","","","","","","","","1.00","1.00","1.00"
"3,335,317","SNP","T→G","murA","","","","","Y393S (TAT→TCT)","","","","","","","","","","","","","","","","","1.00","1.00","","",""
"3,336,073","SNP","C→G","murA","","","","","G141A (GGT→GCT)","","","","","","","","","","","","","1.00","","","","","","","",""
"3,377,150","SNP","C→A","sspA","","","","","V91F (GTT→TTT)","","","","","","","","","","","","","1.00","","","","","","","",""
"3,400,195","SNP","G→A","mreB","","","","","A298V (GCA→GTA)","","","","","","","","","","","","","","","","","","","1.00","1.00","1.00"
"3,400,453","SNP","T→G","mreB","","","","","E212A (GAA→GCA)","","","","","1.00","","","","","","","","","","","","","","","",""
"3,400,811","SNP","G→T","mreB","","","","","H93N (CAC→AAC)","","","","","","","","","","","","","","","","1.00","","","","",""
"3,400,986","SNP","A→C","mreB","","","","","N34K (AAT→AAG)","","1.00","1.00","","","","","","","","","","","","","","","","","",""
"3,401,016","SNP","A→C","mreB","","","","","I24M (ATT→ATG)","","","","","","","","","","1.00","","","","","","","","","","",""
"3,473,612","SNP","A→C","rpsG","()","(30S ribosomal subunit protein S7)","(GO:0006412 - translation)","(GO:0005737 - cytoplasm)","L157* (TTA→TGA)","","","","","","","","","","","","","","","","","","","1.00","1.00","1.00"
"3,583,480","DUP","695 bp x3.6","[yrhA],  insA,  [insB1]","","","","","Duplication","","","","","","","","","","","","","","","1.00","","","","","",""
"3,805,056","DEL","(T)8→7","waaS","","","","","coding (61/936 nt)","","","","","","","","","","1.00","","","","","","","","","","",""
"3,815,808","DEL","(A)8→7","pyrE,  rph","","","","","intergenic (‑40/+26)","","","","","","","","","","","","","","","","","","","1.00","1.00","1.00"
"3,815,859","DEL","Δ82 bp","[rph],  [rph]","","","","","","","","","","","","","","","","","","","1.00","1.00","","","","","",""
"3,816,611","SNP","C→A","rph,  yicC","","","","","intergenic (‑62/‑65)","","","","1.00","1.00","1.00","","","","","","","","","","","","","","",""
"3,823,025","SNP","G→A","spoT","","","","","R209H (CGT→CAT)","","","","1.00","1.00","1.00","","","","","","","","","","","","","","",""
"3,823,799","SNP","G→T","spoT","","","","","R467L (CGC→CTC)","","","","","","","","","","1.00","","","","","","","","","","",""
"3,823,799","SNP","G→A","spoT","","","","","R467H (CGC→CAC)","","","","","","","","","","","","","","","","1.00","","","","",""
"3,823,811","SNP","G→A","spoT","","","","","R471H (CGT→CAT)","","","","","","","","","","","","","","","","","","","1.00","1.00","1.00"
"3,899,249","SNP","T→G","yieK","","","","","T49P (ACC→CCC)","","","","","","","","","","","","","1.00","","","","","","","",""
"3,908,805","DEL","Δ2 bp","pstA","","","","","coding (634‑635/891 nt)","","","","","","","","","","","","","1.00","","","","","","","",""
"3,910,569","DEL","Δ7 bp","pstS","","","","","coding (951‑957/1041 nt)","","","","","","","","","","1.00","","","","","","","","","","",""
"3,911,366","INS","+T","pstS","","","","","coding (160/1041 nt)","","","","","1.00","","","","","","","","","","","","","","","",""
"4,178,239","SNP","G→T","nusG","","","","","G166V (GGT→GTT)","","","","1.00","","1.00","","","","","","","","","","","","","","",""
"4,183,154","SNP","G→T","rpoB","","","","","R637L (CGT→CTT)","","","","","","","1.00","1.00","1.00","","","","","","","","1.00","1.00","","",""
"4,186,186","SNP","G→C","rpoC","","","","","L279L (CTG→CTC)","","","","","","","","","","","","","","1.00","","","","","","",""
"4,186,551","SNP","T→G","rpoC","","","","","V401G (GTT→GGT)","","","","","","","","","","","1.00","1.00","","","","","","","","",""
"4,186,706","SNP","G→A","rpoC","","","","","V453I (GTT→ATT)","","1.00","1.00","","","","","","","","","","","","","","","","","",""
"4,257,602","SNP","A→T","lexA","","","","","N163I (AAT→ATT)","","","","1.00","1.00","1.00","","","","","","","","","","","","","","",""
"4,267,824","SNP","A→C","tyrB","","","","","L237F (TTA→TTC)","","","","","","1.00","","","","","","","","","","","","","","",""
"4,282,760","SNP","T→C","yjcF","","","","","R106G (AGA→GGA)","","","","","","","","","","","","","","","1.00","","","","","",""
"4,392,446","DEL","Δ1 bp","glyV,  glyX","","","","","intergenic (+11/‑26)","","","","","","","","","1.00","","","","","","","","","","","",""
"4,392,453","SNP","C→T","glyV,  glyX","","","","","intergenic (+18/‑19)","","","","","","","","","1.00","","","","","","","","","","","",""
"4,392,456","SNP","A→G","glyV,  glyX","","","","","intergenic (+21/‑16)","","","","","","","","","1.00","","","","","","","","","","","",""
"4,452,005","SNP","G→A","ytfR","","","","","T316T (ACG→ACA)","","","","","","","","","","","1.00","","","","","","","","","",""
"4,522,146","SNP","T→A","yjhG","","","","","D650V (GAT→GTT)","","","","","","","","","","1.00","","","","","","","","","","",""